id,카테고리,퀴즈,보기1,보기2,정답,팁
1,투자지표,PER이 8배일 때 시장은 어떻게 해석할까요?,이익 대비 싸다(저평가일 수 있음),이익 대비 비싸지만 성장 기대가 반영됐다,이익 대비 싸다(저평가일 수 있음),"팁! PER은 주가 ÷ 이익이에요. 낮으면 저평가, 높으면 성장 기대가 반영돼요."
2,투자지표,PER이 12배일 때 시장은 어떻게 해석할까요?,이익 대비 싸다(저평가일 수 있음),이익 대비 비싸지만 성장 기대가 반영됐다,이익 대비 싸다(저평가일 수 있음),"팁! PER은 주가 ÷ 이익이에요. 낮으면 저평가, 높으면 성장 기대가 반영돼요."
3,투자지표,PER이 20배일 때 시장은 어떻게 해석할까요?,이익 대비 싸다(저평가일 수 있음),이익 대비 비싸지만 성장 기대가 반영됐다,이익 대비 비싸지만 성장 기대가 반영됐다,"팁! PER은 주가 ÷ 이익이에요. 낮으면 저평가, 높으면 성장 기대가 반영돼요."
4,투자지표,PER이 30배일 때 시장은 어떻게 해석할까요?,이익 대비 싸다(저평가일 수 있음),이익 대비 비싸지만 성장 기대가 반영됐다,이익 대비 비싸지만 성장 기대가 반영됐다,"팁! PER은 주가 ÷ 이익이에요. 낮으면 저평가, 높으면 성장 기대가 반영돼요."
5,투자지표,PER이 50배일 때 시장은 어떻게 해석할까요?,이익 대비 싸다(저평가일 수 있음),이익 대비 비싸지만 성장 기대가 반영됐다,이익 대비 비싸지만 성장 기대가 반영됐다,"팁! PER은 주가 ÷ 이익이에요. 낮으면 저평가, 높으면 성장 기대가 반영돼요."
6,투자지표,PER이 8배일 때 시장은 어떻게 해석할까요?,이익 대비 싸다(저평가일 수 있음),이익 대비 비싸지만 성장 기대가 반영됐다,이익 대비 싸다(저평가일 수 있음),"팁! PER은 주가 ÷ 이익이에요. 낮으면 저평가, 높으면 성장 기대가 반영돼요."
7,투자지표,PER이 12배일 때 시장은 어떻게 해석할까요?,이익 대비 싸다(저평가일 수 있음),이익 대비 비싸지만 성장 기대가 반영됐다,이익 대비 싸다(저평가일 수 있음),"팁! PER은 주가 ÷ 이익이에요. 낮으면 저평가, 높으면 성장 기대가 반영돼요."
8,투자지표,PER이 20배일 때 시장은 어떻게 해석할까요?,이익 대비 싸다(저평가일 수 있음),이익 대비 비싸지만 성장 기대가 반영됐다,이익 대비 비싸지만 성장 기대가 반영됐다,"팁! PER은 주가 ÷ 이익이에요. 낮으면 저평가, 높으면 성장 기대가 반영돼요."
9,투자지표,PER이 30배일 때 시장은 어떻게 해석할까요?,이익 대비 싸다(저평가일 수 있음),이익 대비 비싸지만 성장 기대가 반영됐다,이익 대비 비싸지만 성장 기대가 반영됐다,"팁! PER은 주가 ÷ 이익이에요. 낮으면 저평가, 높으면 성장 기대가 반영돼요."
10,투자지표,PER이 50배일 때 시장은 어떻게 해석할까요?,이익 대비 싸다(저평가일 수 있음),이익 대비 비싸지만 성장 기대가 반영됐다,이익 대비 비싸지만 성장 기대가 반영됐다,"팁! PER은 주가 ÷ 이익이에요. 낮으면 저평가, 높으면 성장 기대가 반영돼요."
11,투자지표,PER이 8배일 때 시장은 어떻게 해석할까요?,이익 대비 싸다(저평가일 수 있음),이익 대비 비싸지만 성장 기대가 반영됐다,이익 대비 싸다(저평가일 수 있음),"팁! PER은 주가 ÷ 이익이에요. 낮으면 저평가, 높으면 성장 기대가 반영돼요."
12,투자지표,PER이 12배일 때 시장은 어떻게 해석할까요?,이익 대비 싸다(저평가일 수 있음),이익 대비 비싸지만 성장 기대가 반영됐다,이익 대비 싸다(저평가일 수 있음),"팁! PER은 주가 ÷ 이익이에요. 낮으면 저평가, 높으면 성장 기대가 반영돼요."
13,투자지표,PER이 20배일 때 시장은 어떻게 해석할까요?,이익 대비 싸다(저평가일 수 있음),이익 대비 비싸지만 성장 기대가 반영됐다,이익 대비 비싸지만 성장 기대가 반영됐다,"팁! PER은 주가 ÷ 이익이에요. 낮으면 저평가, 높으면 성장 기대가 반영돼요."
14,투자지표,PER이 30배일 때 시장은 어떻게 해석할까요?,이익 대비 싸다(저평가일 수 있음),이익 대비 비싸지만 성장 기대가 반영됐다,이익 대비 비싸지만 성장 기대가 반영됐다,"팁! PER은 주가 ÷ 이익이에요. 낮으면 저평가, 높으면 성장 기대가 반영돼요."
15,투자지표,PER이 50배일 때 시장은 어떻게 해석할까요?,이익 대비 싸다(저평가일 수 있음),이익 대비 비싸지만 성장 기대가 반영됐다,이익 대비 비싸지만 성장 기대가 반영됐다,"팁! PER은 주가 ÷ 이익이에요. 낮으면 저평가, 높으면 성장 기대가 반영돼요."
16,투자지표,PER이 8배일 때 시장은 어떻게 해석할까요?,이익 대비 싸다(저평가일 수 있음),이익 대비 비싸지만 성장 기대가 반영됐다,이익 대비 싸다(저평가일 수 있음),"팁! PER은 주가 ÷ 이익이에요. 낮으면 저평가, 높으면 성장 기대가 반영돼요."
17,투자지표,PER이 12배일 때 시장은 어떻게 해석할까요?,이익 대비 싸다(저평가일 수 있음),이익 대비 비싸지만 성장 기대가 반영됐다,이익 대비 싸다(저평가일 수 있음),"팁! PER은 주가 ÷ 이익이에요. 낮으면 저평가, 높으면 성장 기대가 반영돼요."
18,투자지표,PER이 20배일 때 시장은 어떻게 해석할까요?,이익 대비 싸다(저평가일 수 있음),이익 대비 비싸지만 성장 기대가 반영됐다,이익 대비 비싸지만 성장 기대가 반영됐다,"팁! PER은 주가 ÷ 이익이에요. 낮으면 저평가, 높으면 성장 기대가 반영돼요."
19,투자지표,PER이 30배일 때 시장은 어떻게 해석할까요?,이익 대비 싸다(저평가일 수 있음),이익 대비 비싸지만 성장 기대가 반영됐다,이익 대비 비싸지만 성장 기대가 반영됐다,"팁! PER은 주가 ÷ 이익이에요. 낮으면 저평가, 높으면 성장 기대가 반영돼요."
20,투자지표,PER이 50배일 때 시장은 어떻게 해석할까요?,이익 대비 싸다(저평가일 수 있음),이익 대비 비싸지만 성장 기대가 반영됐다,이익 대비 비싸지만 성장 기대가 반영됐다,"팁! PER은 주가 ÷ 이익이에요. 낮으면 저평가, 높으면 성장 기대가 반영돼요."
21,투자지표,PER이 8배일 때 시장은 어떻게 해석할까요?,이익 대비 싸다(저평가일 수 있음),이익 대비 비싸지만 성장 기대가 반영됐다,이익 대비 싸다(저평가일 수 있음),"팁! PER은 주가 ÷ 이익이에요. 낮으면 저평가, 높으면 성장 기대가 반영돼요."
22,투자지표,PER이 12배일 때 시장은 어떻게 해석할까요?,이익 대비 싸다(저평가일 수 있음),이익 대비 비싸지만 성장 기대가 반영됐다,이익 대비 싸다(저평가일 수 있음),"팁! PER은 주가 ÷ 이익이에요. 낮으면 저평가, 높으면 성장 기대가 반영돼요."
23,투자지표,PER이 20배일 때 시장은 어떻게 해석할까요?,이익 대비 싸다(저평가일 수 있음),이익 대비 비싸지만 성장 기대가 반영됐다,이익 대비 비싸지만 성장 기대가 반영됐다,"팁! PER은 주가 ÷ 이익이에요. 낮으면 저평가, 높으면 성장 기대가 반영돼요."
24,투자지표,PER이 30배일 때 시장은 어떻게 해석할까요?,이익 대비 싸다(저평가일 수 있음),이익 대비 비싸지만 성장 기대가 반영됐다,이익 대비 비싸지만 성장 기대가 반영됐다,"팁! PER은 주가 ÷ 이익이에요. 낮으면 저평가, 높으면 성장 기대가 반영돼요."
25,투자지표,PER이 50배일 때 시장은 어떻게 해석할까요?,이익 대비 싸다(저평가일 수 있음),이익 대비 비싸지만 성장 기대가 반영됐다,이익 대비 비싸지만 성장 기대가 반영됐다,"팁! PER은 주가 ÷ 이익이에요. 낮으면 저평가, 높으면 성장 기대가 반영돼요."
26,투자지표,PER이 8배일 때 시장은 어떻게 해석할까요?,이익 대비 싸다(저평가일 수 있음),이익 대비 비싸지만 성장 기대가 반영됐다,이익 대비 싸다(저평가일 수 있음),"팁! PER은 주가 ÷ 이익이에요. 낮으면 저평가, 높으면 성장 기대가 반영돼요."
27,투자지표,PER이 12배일 때 시장은 어떻게 해석할까요?,이익 대비 싸다(저평가일 수 있음),이익 대비 비싸지만 성장 기대가 반영됐다,이익 대비 싸다(저평가일 수 있음),"팁! PER은 주가 ÷ 이익이에요. 낮으면 저평가, 높으면 성장 기대가 반영돼요."
28,투자지표,PER이 20배일 때 시장은 어떻게 해석할까요?,이익 대비 싸다(저평가일 수 있음),이익 대비 비싸지만 성장 기대가 반영됐다,이익 대비 비싸지만 성장 기대가 반영됐다,"팁! PER은 주가 ÷ 이익이에요. 낮으면 저평가, 높으면 성장 기대가 반영돼요."
29,투자지표,PER이 30배일 때 시장은 어떻게 해석할까요?,이익 대비 싸다(저평가일 수 있음),이익 대비 비싸지만 성장 기대가 반영됐다,이익 대비 비싸지만 성장 기대가 반영됐다,"팁! PER은 주가 ÷ 이익이에요. 낮으면 저평가, 높으면 성장 기대가 반영돼요."
30,투자지표,PER이 50배일 때 시장은 어떻게 해석할까요?,이익 대비 싸다(저평가일 수 있음),이익 대비 비싸지만 성장 기대가 반영됐다,이익 대비 비싸지만 성장 기대가 반영됐다,"팁! PER은 주가 ÷ 이익이에요. 낮으면 저평가, 높으면 성장 기대가 반영돼요."
31,투자지표,PER이 8배일 때 시장은 어떻게 해석할까요?,이익 대비 싸다(저평가일 수 있음),이익 대비 비싸지만 성장 기대가 반영됐다,이익 대비 싸다(저평가일 수 있음),"팁! PER은 주가 ÷ 이익이에요. 낮으면 저평가, 높으면 성장 기대가 반영돼요."
32,투자지표,PER이 12배일 때 시장은 어떻게 해석할까요?,이익 대비 싸다(저평가일 수 있음),이익 대비 비싸지만 성장 기대가 반영됐다,이익 대비 싸다(저평가일 수 있음),"팁! PER은 주가 ÷ 이익이에요. 낮으면 저평가, 높으면 성장 기대가 반영돼요."
33,투자지표,PER이 20배일 때 시장은 어떻게 해석할까요?,이익 대비 싸다(저평가일 수 있음),이익 대비 비싸지만 성장 기대가 반영됐다,이익 대비 비싸지만 성장 기대가 반영됐다,"팁! PER은 주가 ÷ 이익이에요. 낮으면 저평가, 높으면 성장 기대가 반영돼요."
34,투자지표,PER이 30배일 때 시장은 어떻게 해석할까요?,이익 대비 싸다(저평가일 수 있음),이익 대비 비싸지만 성장 기대가 반영됐다,이익 대비 비싸지만 성장 기대가 반영됐다,"팁! PER은 주가 ÷ 이익이에요. 낮으면 저평가, 높으면 성장 기대가 반영돼요."
35,투자지표,PER이 50배일 때 시장은 어떻게 해석할까요?,이익 대비 싸다(저평가일 수 있음),이익 대비 비싸지만 성장 기대가 반영됐다,이익 대비 비싸지만 성장 기대가 반영됐다,"팁! PER은 주가 ÷ 이익이에요. 낮으면 저평가, 높으면 성장 기대가 반영돼요."
36,투자지표,PER이 8배일 때 시장은 어떻게 해석할까요?,이익 대비 싸다(저평가일 수 있음),이익 대비 비싸지만 성장 기대가 반영됐다,이익 대비 싸다(저평가일 수 있음),"팁! PER은 주가 ÷ 이익이에요. 낮으면 저평가, 높으면 성장 기대가 반영돼요."
37,투자지표,PER이 12배일 때 시장은 어떻게 해석할까요?,이익 대비 싸다(저평가일 수 있음),이익 대비 비싸지만 성장 기대가 반영됐다,이익 대비 싸다(저평가일 수 있음),"팁! PER은 주가 ÷ 이익이에요. 낮으면 저평가, 높으면 성장 기대가 반영돼요."
38,투자지표,PER이 20배일 때 시장은 어떻게 해석할까요?,이익 대비 싸다(저평가일 수 있음),이익 대비 비싸지만 성장 기대가 반영됐다,이익 대비 비싸지만 성장 기대가 반영됐다,"팁! PER은 주가 ÷ 이익이에요. 낮으면 저평가, 높으면 성장 기대가 반영돼요."
39,투자지표,PER이 30배일 때 시장은 어떻게 해석할까요?,이익 대비 싸다(저평가일 수 있음),이익 대비 비싸지만 성장 기대가 반영됐다,이익 대비 비싸지만 성장 기대가 반영됐다,"팁! PER은 주가 ÷ 이익이에요. 낮으면 저평가, 높으면 성장 기대가 반영돼요."
40,투자지표,PER이 50배일 때 시장은 어떻게 해석할까요?,이익 대비 싸다(저평가일 수 있음),이익 대비 비싸지만 성장 기대가 반영됐다,이익 대비 비싸지만 성장 기대가 반영됐다,"팁! PER은 주가 ÷ 이익이에요. 낮으면 저평가, 높으면 성장 기대가 반영돼요."
41,투자지표,PER이 8배일 때 시장은 어떻게 해석할까요?,이익 대비 싸다(저평가일 수 있음),이익 대비 비싸지만 성장 기대가 반영됐다,이익 대비 싸다(저평가일 수 있음),"팁! PER은 주가 ÷ 이익이에요. 낮으면 저평가, 높으면 성장 기대가 반영돼요."
42,투자지표,PER이 12배일 때 시장은 어떻게 해석할까요?,이익 대비 싸다(저평가일 수 있음),이익 대비 비싸지만 성장 기대가 반영됐다,이익 대비 싸다(저평가일 수 있음),"팁! PER은 주가 ÷ 이익이에요. 낮으면 저평가, 높으면 성장 기대가 반영돼요."
43,투자지표,PER이 20배일 때 시장은 어떻게 해석할까요?,이익 대비 싸다(저평가일 수 있음),이익 대비 비싸지만 성장 기대가 반영됐다,이익 대비 비싸지만 성장 기대가 반영됐다,"팁! PER은 주가 ÷ 이익이에요. 낮으면 저평가, 높으면 성장 기대가 반영돼요."
44,투자지표,PER이 30배일 때 시장은 어떻게 해석할까요?,이익 대비 싸다(저평가일 수 있음),이익 대비 비싸지만 성장 기대가 반영됐다,이익 대비 비싸지만 성장 기대가 반영됐다,"팁! PER은 주가 ÷ 이익이에요. 낮으면 저평가, 높으면 성장 기대가 반영돼요."
45,투자지표,PER이 50배일 때 시장은 어떻게 해석할까요?,이익 대비 싸다(저평가일 수 있음),이익 대비 비싸지만 성장 기대가 반영됐다,이익 대비 비싸지만 성장 기대가 반영됐다,"팁! PER은 주가 ÷ 이익이에요. 낮으면 저평가, 높으면 성장 기대가 반영돼요."
46,투자지표,PER이 8배일 때 시장은 어떻게 해석할까요?,이익 대비 싸다(저평가일 수 있음),이익 대비 비싸지만 성장 기대가 반영됐다,이익 대비 싸다(저평가일 수 있음),"팁! PER은 주가 ÷ 이익이에요. 낮으면 저평가, 높으면 성장 기대가 반영돼요."
47,투자지표,PER이 12배일 때 시장은 어떻게 해석할까요?,이익 대비 싸다(저평가일 수 있음),이익 대비 비싸지만 성장 기대가 반영됐다,이익 대비 싸다(저평가일 수 있음),"팁! PER은 주가 ÷ 이익이에요. 낮으면 저평가, 높으면 성장 기대가 반영돼요."
48,투자지표,PER이 20배일 때 시장은 어떻게 해석할까요?,이익 대비 싸다(저평가일 수 있음),이익 대비 비싸지만 성장 기대가 반영됐다,이익 대비 비싸지만 성장 기대가 반영됐다,"팁! PER은 주가 ÷ 이익이에요. 낮으면 저평가, 높으면 성장 기대가 반영돼요."
49,투자지표,PER이 30배일 때 시장은 어떻게 해석할까요?,이익 대비 싸다(저평가일 수 있음),이익 대비 비싸지만 성장 기대가 반영됐다,이익 대비 비싸지만 성장 기대가 반영됐다,"팁! PER은 주가 ÷ 이익이에요. 낮으면 저평가, 높으면 성장 기대가 반영돼요."
50,투자지표,PER이 50배일 때 시장은 어떻게 해석할까요?,이익 대비 싸다(저평가일 수 있음),이익 대비 비싸지만 성장 기대가 반영됐다,이익 대비 비싸지만 성장 기대가 반영됐다,"팁! PER은 주가 ÷ 이익이에요. 낮으면 저평가, 높으면 성장 기대가 반영돼요."
51,투자지표,PER이 8배일 때 시장은 어떻게 해석할까요?,이익 대비 싸다(저평가일 수 있음),이익 대비 비싸지만 성장 기대가 반영됐다,이익 대비 싸다(저평가일 수 있음),"팁! PER은 주가 ÷ 이익이에요. 낮으면 저평가, 높으면 성장 기대가 반영돼요."
52,투자지표,PER이 12배일 때 시장은 어떻게 해석할까요?,이익 대비 싸다(저평가일 수 있음),이익 대비 비싸지만 성장 기대가 반영됐다,이익 대비 싸다(저평가일 수 있음),"팁! PER은 주가 ÷ 이익이에요. 낮으면 저평가, 높으면 성장 기대가 반영돼요."
53,투자지표,PER이 20배일 때 시장은 어떻게 해석할까요?,이익 대비 싸다(저평가일 수 있음),이익 대비 비싸지만 성장 기대가 반영됐다,이익 대비 비싸지만 성장 기대가 반영됐다,"팁! PER은 주가 ÷ 이익이에요. 낮으면 저평가, 높으면 성장 기대가 반영돼요."
54,투자지표,PER이 30배일 때 시장은 어떻게 해석할까요?,이익 대비 싸다(저평가일 수 있음),이익 대비 비싸지만 성장 기대가 반영됐다,이익 대비 비싸지만 성장 기대가 반영됐다,"팁! PER은 주가 ÷ 이익이에요. 낮으면 저평가, 높으면 성장 기대가 반영돼요."
55,투자지표,PER이 50배일 때 시장은 어떻게 해석할까요?,이익 대비 싸다(저평가일 수 있음),이익 대비 비싸지만 성장 기대가 반영됐다,이익 대비 비싸지만 성장 기대가 반영됐다,"팁! PER은 주가 ÷ 이익이에요. 낮으면 저평가, 높으면 성장 기대가 반영돼요."
56,투자지표,PER이 8배일 때 시장은 어떻게 해석할까요?,이익 대비 싸다(저평가일 수 있음),이익 대비 비싸지만 성장 기대가 반영됐다,이익 대비 싸다(저평가일 수 있음),"팁! PER은 주가 ÷ 이익이에요. 낮으면 저평가, 높으면 성장 기대가 반영돼요."
57,투자지표,PER이 12배일 때 시장은 어떻게 해석할까요?,이익 대비 싸다(저평가일 수 있음),이익 대비 비싸지만 성장 기대가 반영됐다,이익 대비 싸다(저평가일 수 있음),"팁! PER은 주가 ÷ 이익이에요. 낮으면 저평가, 높으면 성장 기대가 반영돼요."
58,투자지표,PER이 20배일 때 시장은 어떻게 해석할까요?,이익 대비 싸다(저평가일 수 있음),이익 대비 비싸지만 성장 기대가 반영됐다,이익 대비 비싸지만 성장 기대가 반영됐다,"팁! PER은 주가 ÷ 이익이에요. 낮으면 저평가, 높으면 성장 기대가 반영돼요."
59,투자지표,PER이 30배일 때 시장은 어떻게 해석할까요?,이익 대비 싸다(저평가일 수 있음),이익 대비 비싸지만 성장 기대가 반영됐다,이익 대비 비싸지만 성장 기대가 반영됐다,"팁! PER은 주가 ÷ 이익이에요. 낮으면 저평가, 높으면 성장 기대가 반영돼요."
60,투자지표,PER이 50배일 때 시장은 어떻게 해석할까요?,이익 대비 싸다(저평가일 수 있음),이익 대비 비싸지만 성장 기대가 반영됐다,이익 대비 비싸지만 성장 기대가 반영됐다,"팁! PER은 주가 ÷ 이익이에요. 낮으면 저평가, 높으면 성장 기대가 반영돼요."
61,투자지표,PER이 8배일 때 시장은 어떻게 해석할까요?,이익 대비 싸다(저평가일 수 있음),이익 대비 비싸지만 성장 기대가 반영됐다,이익 대비 싸다(저평가일 수 있음),"팁! PER은 주가 ÷ 이익이에요. 낮으면 저평가, 높으면 성장 기대가 반영돼요."
62,투자지표,PER이 12배일 때 시장은 어떻게 해석할까요?,이익 대비 싸다(저평가일 수 있음),이익 대비 비싸지만 성장 기대가 반영됐다,이익 대비 싸다(저평가일 수 있음),"팁! PER은 주가 ÷ 이익이에요. 낮으면 저평가, 높으면 성장 기대가 반영돼요."
63,투자지표,PER이 20배일 때 시장은 어떻게 해석할까요?,이익 대비 싸다(저평가일 수 있음),이익 대비 비싸지만 성장 기대가 반영됐다,이익 대비 비싸지만 성장 기대가 반영됐다,"팁! PER은 주가 ÷ 이익이에요. 낮으면 저평가, 높으면 성장 기대가 반영돼요."
64,투자지표,PER이 30배일 때 시장은 어떻게 해석할까요?,이익 대비 싸다(저평가일 수 있음),이익 대비 비싸지만 성장 기대가 반영됐다,이익 대비 비싸지만 성장 기대가 반영됐다,"팁! PER은 주가 ÷ 이익이에요. 낮으면 저평가, 높으면 성장 기대가 반영돼요."
65,투자지표,PER이 50배일 때 시장은 어떻게 해석할까요?,이익 대비 싸다(저평가일 수 있음),이익 대비 비싸지만 성장 기대가 반영됐다,이익 대비 비싸지만 성장 기대가 반영됐다,"팁! PER은 주가 ÷ 이익이에요. 낮으면 저평가, 높으면 성장 기대가 반영돼요."
66,투자지표,PER이 8배일 때 시장은 어떻게 해석할까요?,이익 대비 싸다(저평가일 수 있음),이익 대비 비싸지만 성장 기대가 반영됐다,이익 대비 싸다(저평가일 수 있음),"팁! PER은 주가 ÷ 이익이에요. 낮으면 저평가, 높으면 성장 기대가 반영돼요."
67,투자지표,PER이 12배일 때 시장은 어떻게 해석할까요?,이익 대비 싸다(저평가일 수 있음),이익 대비 비싸지만 성장 기대가 반영됐다,이익 대비 싸다(저평가일 수 있음),"팁! PER은 주가 ÷ 이익이에요. 낮으면 저평가, 높으면 성장 기대가 반영돼요."
68,투자지표,PER이 20배일 때 시장은 어떻게 해석할까요?,이익 대비 싸다(저평가일 수 있음),이익 대비 비싸지만 성장 기대가 반영됐다,이익 대비 비싸지만 성장 기대가 반영됐다,"팁! PER은 주가 ÷ 이익이에요. 낮으면 저평가, 높으면 성장 기대가 반영돼요."
69,투자지표,PER이 30배일 때 시장은 어떻게 해석할까요?,이익 대비 싸다(저평가일 수 있음),이익 대비 비싸지만 성장 기대가 반영됐다,이익 대비 비싸지만 성장 기대가 반영됐다,"팁! PER은 주가 ÷ 이익이에요. 낮으면 저평가, 높으면 성장 기대가 반영돼요."
70,투자지표,PER이 50배일 때 시장은 어떻게 해석할까요?,이익 대비 싸다(저평가일 수 있음),이익 대비 비싸지만 성장 기대가 반영됐다,이익 대비 비싸지만 성장 기대가 반영됐다,"팁! PER은 주가 ÷ 이익이에요. 낮으면 저평가, 높으면 성장 기대가 반영돼요."
71,투자지표,PER이 8배일 때 시장은 어떻게 해석할까요?,이익 대비 싸다(저평가일 수 있음),이익 대비 비싸지만 성장 기대가 반영됐다,이익 대비 싸다(저평가일 수 있음),"팁! PER은 주가 ÷ 이익이에요. 낮으면 저평가, 높으면 성장 기대가 반영돼요."
72,투자지표,PER이 12배일 때 시장은 어떻게 해석할까요?,이익 대비 싸다(저평가일 수 있음),이익 대비 비싸지만 성장 기대가 반영됐다,이익 대비 싸다(저평가일 수 있음),"팁! PER은 주가 ÷ 이익이에요. 낮으면 저평가, 높으면 성장 기대가 반영돼요."
73,투자지표,PER이 20배일 때 시장은 어떻게 해석할까요?,이익 대비 싸다(저평가일 수 있음),이익 대비 비싸지만 성장 기대가 반영됐다,이익 대비 비싸지만 성장 기대가 반영됐다,"팁! PER은 주가 ÷ 이익이에요. 낮으면 저평가, 높으면 성장 기대가 반영돼요."
74,투자지표,PER이 30배일 때 시장은 어떻게 해석할까요?,이익 대비 싸다(저평가일 수 있음),이익 대비 비싸지만 성장 기대가 반영됐다,이익 대비 비싸지만 성장 기대가 반영됐다,"팁! PER은 주가 ÷ 이익이에요. 낮으면 저평가, 높으면 성장 기대가 반영돼요."
75,투자지표,PER이 50배일 때 시장은 어떻게 해석할까요?,이익 대비 싸다(저평가일 수 있음),이익 대비 비싸지만 성장 기대가 반영됐다,이익 대비 비싸지만 성장 기대가 반영됐다,"팁! PER은 주가 ÷ 이익이에요. 낮으면 저평가, 높으면 성장 기대가 반영돼요."
76,투자지표,PER이 8배일 때 시장은 어떻게 해석할까요?,이익 대비 싸다(저평가일 수 있음),이익 대비 비싸지만 성장 기대가 반영됐다,이익 대비 싸다(저평가일 수 있음),"팁! PER은 주가 ÷ 이익이에요. 낮으면 저평가, 높으면 성장 기대가 반영돼요."
77,투자지표,PER이 12배일 때 시장은 어떻게 해석할까요?,이익 대비 싸다(저평가일 수 있음),이익 대비 비싸지만 성장 기대가 반영됐다,이익 대비 싸다(저평가일 수 있음),"팁! PER은 주가 ÷ 이익이에요. 낮으면 저평가, 높으면 성장 기대가 반영돼요."
78,투자지표,PER이 20배일 때 시장은 어떻게 해석할까요?,이익 대비 싸다(저평가일 수 있음),이익 대비 비싸지만 성장 기대가 반영됐다,이익 대비 비싸지만 성장 기대가 반영됐다,"팁! PER은 주가 ÷ 이익이에요. 낮으면 저평가, 높으면 성장 기대가 반영돼요."
79,투자지표,PER이 30배일 때 시장은 어떻게 해석할까요?,이익 대비 싸다(저평가일 수 있음),이익 대비 비싸지만 성장 기대가 반영됐다,이익 대비 비싸지만 성장 기대가 반영됐다,"팁! PER은 주가 ÷ 이익이에요. 낮으면 저평가, 높으면 성장 기대가 반영돼요."
80,투자지표,PER이 50배일 때 시장은 어떻게 해석할까요?,이익 대비 싸다(저평가일 수 있음),이익 대비 비싸지만 성장 기대가 반영됐다,이익 대비 비싸지만 성장 기대가 반영됐다,"팁! PER은 주가 ÷ 이익이에요. 낮으면 저평가, 높으면 성장 기대가 반영돼요."
81,차트분석,장기 이동평균선 위에 주가가 오래 머무는 건?,상승 지속 또는 추가 확인 필요,즉각 반대 신호,상승 지속 또는 추가 확인 필요,팁! 기술적 지표는 단독으로 쓰기보다 추세·거래량과 함께 봐야 정확해요.
82,차트분석,골든크로스가 항상 상승 신호가 아닌 이유는?,상승 지속 또는 추가 확인 필요,즉각 반대 신호,상승 지속 또는 추가 확인 필요,팁! 기술적 지표는 단독으로 쓰기보다 추세·거래량과 함께 봐야 정확해요.
83,차트분석,RSI가 과매수 구간인데도 주가가 더 오를 수 있는 이유는?,상승 지속 또는 추가 확인 필요,즉각 반대 신호,상승 지속 또는 추가 확인 필요,팁! 기술적 지표는 단독으로 쓰기보다 추세·거래량과 함께 봐야 정확해요.
84,차트분석,변동성이 큰데 주가가 움직이지 않는 건?,상승 지속 또는 추가 확인 필요,즉각 반대 신호,상승 지속 또는 추가 확인 필요,팁! 기술적 지표는 단독으로 쓰기보다 추세·거래량과 함께 봐야 정확해요.
85,차트분석,볼린저밴드 상단에 닿았는데도 계속 오르는 이유는?,상승 지속 또는 추가 확인 필요,즉각 반대 신호,상승 지속 또는 추가 확인 필요,팁! 기술적 지표는 단독으로 쓰기보다 추세·거래량과 함께 봐야 정확해요.
86,차트분석,장기 이동평균선 위에 주가가 오래 머무는 건?,상승 지속 또는 추가 확인 필요,즉각 반대 신호,상승 지속 또는 추가 확인 필요,팁! 기술적 지표는 단독으로 쓰기보다 추세·거래량과 함께 봐야 정확해요.
87,차트분석,골든크로스가 항상 상승 신호가 아닌 이유는?,상승 지속 또는 추가 확인 필요,즉각 반대 신호,상승 지속 또는 추가 확인 필요,팁! 기술적 지표는 단독으로 쓰기보다 추세·거래량과 함께 봐야 정확해요.
88,차트분석,RSI가 과매수 구간인데도 주가가 더 오를 수 있는 이유는?,상승 지속 또는 추가 확인 필요,즉각 반대 신호,상승 지속 또는 추가 확인 필요,팁! 기술적 지표는 단독으로 쓰기보다 추세·거래량과 함께 봐야 정확해요.
89,차트분석,변동성이 큰데 주가가 움직이지 않는 건?,상승 지속 또는 추가 확인 필요,즉각 반대 신호,상승 지속 또는 추가 확인 필요,팁! 기술적 지표는 단독으로 쓰기보다 추세·거래량과 함께 봐야 정확해요.
90,차트분석,볼린저밴드 상단에 닿았는데도 계속 오르는 이유는?,상승 지속 또는 추가 확인 필요,즉각 반대 신호,상승 지속 또는 추가 확인 필요,팁! 기술적 지표는 단독으로 쓰기보다 추세·거래량과 함께 봐야 정확해요.
91,차트분석,장기 이동평균선 위에 주가가 오래 머무는 건?,상승 지속 또는 추가 확인 필요,즉각 반대 신호,상승 지속 또는 추가 확인 필요,팁! 기술적 지표는 단독으로 쓰기보다 추세·거래량과 함께 봐야 정확해요.
92,차트분석,골든크로스가 항상 상승 신호가 아닌 이유는?,상승 지속 또는 추가 확인 필요,즉각 반대 신호,상승 지속 또는 추가 확인 필요,팁! 기술적 지표는 단독으로 쓰기보다 추세·거래량과 함께 봐야 정확해요.
93,차트분석,RSI가 과매수 구간인데도 주가가 더 오를 수 있는 이유는?,상승 지속 또는 추가 확인 필요,즉각 반대 신호,상승 지속 또는 추가 확인 필요,팁! 기술적 지표는 단독으로 쓰기보다 추세·거래량과 함께 봐야 정확해요.
94,차트분석,변동성이 큰데 주가가 움직이지 않는 건?,상승 지속 또는 추가 확인 필요,즉각 반대 신호,상승 지속 또는 추가 확인 필요,팁! 기술적 지표는 단독으로 쓰기보다 추세·거래량과 함께 봐야 정확해요.
95,차트분석,볼린저밴드 상단에 닿았는데도 계속 오르는 이유는?,상승 지속 또는 추가 확인 필요,즉각 반대 신호,상승 지속 또는 추가 확인 필요,팁! 기술적 지표는 단독으로 쓰기보다 추세·거래량과 함께 봐야 정확해요.
96,차트분석,장기 이동평균선 위에 주가가 오래 머무는 건?,상승 지속 또는 추가 확인 필요,즉각 반대 신호,상승 지속 또는 추가 확인 필요,팁! 기술적 지표는 단독으로 쓰기보다 추세·거래량과 함께 봐야 정확해요.
97,차트분석,골든크로스가 항상 상승 신호가 아닌 이유는?,상승 지속 또는 추가 확인 필요,즉각 반대 신호,상승 지속 또는 추가 확인 필요,팁! 기술적 지표는 단독으로 쓰기보다 추세·거래량과 함께 봐야 정확해요.
98,차트분석,RSI가 과매수 구간인데도 주가가 더 오를 수 있는 이유는?,상승 지속 또는 추가 확인 필요,즉각 반대 신호,상승 지속 또는 추가 확인 필요,팁! 기술적 지표는 단독으로 쓰기보다 추세·거래량과 함께 봐야 정확해요.
99,차트분석,변동성이 큰데 주가가 움직이지 않는 건?,상승 지속 또는 추가 확인 필요,즉각 반대 신호,상승 지속 또는 추가 확인 필요,팁! 기술적 지표는 단독으로 쓰기보다 추세·거래량과 함께 봐야 정확해요.
100,차트분석,볼린저밴드 상단에 닿았는데도 계속 오르는 이유는?,상승 지속 또는 추가 확인 필요,즉각 반대 신호,상승 지속 또는 추가 확인 필요,팁! 기술적 지표는 단독으로 쓰기보다 추세·거래량과 함께 봐야 정확해요.
101,차트분석,장기 이동평균선 위에 주가가 오래 머무는 건?,상승 지속 또는 추가 확인 필요,즉각 반대 신호,상승 지속 또는 추가 확인 필요,팁! 기술적 지표는 단독으로 쓰기보다 추세·거래량과 함께 봐야 정확해요.
102,차트분석,골든크로스가 항상 상승 신호가 아닌 이유는?,상승 지속 또는 추가 확인 필요,즉각 반대 신호,상승 지속 또는 추가 확인 필요,팁! 기술적 지표는 단독으로 쓰기보다 추세·거래량과 함께 봐야 정확해요.
103,차트분석,RSI가 과매수 구간인데도 주가가 더 오를 수 있는 이유는?,상승 지속 또는 추가 확인 필요,즉각 반대 신호,상승 지속 또는 추가 확인 필요,팁! 기술적 지표는 단독으로 쓰기보다 추세·거래량과 함께 봐야 정확해요.
104,차트분석,변동성이 큰데 주가가 움직이지 않는 건?,상승 지속 또는 추가 확인 필요,즉각 반대 신호,상승 지속 또는 추가 확인 필요,팁! 기술적 지표는 단독으로 쓰기보다 추세·거래량과 함께 봐야 정확해요.
105,차트분석,볼린저밴드 상단에 닿았는데도 계속 오르는 이유는?,상승 지속 또는 추가 확인 필요,즉각 반대 신호,상승 지속 또는 추가 확인 필요,팁! 기술적 지표는 단독으로 쓰기보다 추세·거래량과 함께 봐야 정확해요.
106,차트분석,장기 이동평균선 위에 주가가 오래 머무는 건?,상승 지속 또는 추가 확인 필요,즉각 반대 신호,상승 지속 또는 추가 확인 필요,팁! 기술적 지표는 단독으로 쓰기보다 추세·거래량과 함께 봐야 정확해요.
107,차트분석,골든크로스가 항상 상승 신호가 아닌 이유는?,상승 지속 또는 추가 확인 필요,즉각 반대 신호,상승 지속 또는 추가 확인 필요,팁! 기술적 지표는 단독으로 쓰기보다 추세·거래량과 함께 봐야 정확해요.
108,차트분석,RSI가 과매수 구간인데도 주가가 더 오를 수 있는 이유는?,상승 지속 또는 추가 확인 필요,즉각 반대 신호,상승 지속 또는 추가 확인 필요,팁! 기술적 지표는 단독으로 쓰기보다 추세·거래량과 함께 봐야 정확해요.
109,차트분석,변동성이 큰데 주가가 움직이지 않는 건?,상승 지속 또는 추가 확인 필요,즉각 반대 신호,상승 지속 또는 추가 확인 필요,팁! 기술적 지표는 단독으로 쓰기보다 추세·거래량과 함께 봐야 정확해요.
110,차트분석,볼린저밴드 상단에 닿았는데도 계속 오르는 이유는?,상승 지속 또는 추가 확인 필요,즉각 반대 신호,상승 지속 또는 추가 확인 필요,팁! 기술적 지표는 단독으로 쓰기보다 추세·거래량과 함께 봐야 정확해요.
111,차트분석,장기 이동평균선 위에 주가가 오래 머무는 건?,상승 지속 또는 추가 확인 필요,즉각 반대 신호,상승 지속 또는 추가 확인 필요,팁! 기술적 지표는 단독으로 쓰기보다 추세·거래량과 함께 봐야 정확해요.
112,차트분석,골든크로스가 항상 상승 신호가 아닌 이유는?,상승 지속 또는 추가 확인 필요,즉각 반대 신호,상승 지속 또는 추가 확인 필요,팁! 기술적 지표는 단독으로 쓰기보다 추세·거래량과 함께 봐야 정확해요.
113,차트분석,RSI가 과매수 구간인데도 주가가 더 오를 수 있는 이유는?,상승 지속 또는 추가 확인 필요,즉각 반대 신호,상승 지속 또는 추가 확인 필요,팁! 기술적 지표는 단독으로 쓰기보다 추세·거래량과 함께 봐야 정확해요.
114,차트분석,변동성이 큰데 주가가 움직이지 않는 건?,상승 지속 또는 추가 확인 필요,즉각 반대 신호,상승 지속 또는 추가 확인 필요,팁! 기술적 지표는 단독으로 쓰기보다 추세·거래량과 함께 봐야 정확해요.
115,차트분석,볼린저밴드 상단에 닿았는데도 계속 오르는 이유는?,상승 지속 또는 추가 확인 필요,즉각 반대 신호,상승 지속 또는 추가 확인 필요,팁! 기술적 지표는 단독으로 쓰기보다 추세·거래량과 함께 봐야 정확해요.
116,차트분석,장기 이동평균선 위에 주가가 오래 머무는 건?,상승 지속 또는 추가 확인 필요,즉각 반대 신호,상승 지속 또는 추가 확인 필요,팁! 기술적 지표는 단독으로 쓰기보다 추세·거래량과 함께 봐야 정확해요.
117,차트분석,골든크로스가 항상 상승 신호가 아닌 이유는?,상승 지속 또는 추가 확인 필요,즉각 반대 신호,상승 지속 또는 추가 확인 필요,팁! 기술적 지표는 단독으로 쓰기보다 추세·거래량과 함께 봐야 정확해요.
118,차트분석,RSI가 과매수 구간인데도 주가가 더 오를 수 있는 이유는?,상승 지속 또는 추가 확인 필요,즉각 반대 신호,상승 지속 또는 추가 확인 필요,팁! 기술적 지표는 단독으로 쓰기보다 추세·거래량과 함께 봐야 정확해요.
119,차트분석,변동성이 큰데 주가가 움직이지 않는 건?,상승 지속 또는 추가 확인 필요,즉각 반대 신호,상승 지속 또는 추가 확인 필요,팁! 기술적 지표는 단독으로 쓰기보다 추세·거래량과 함께 봐야 정확해요.
120,차트분석,볼린저밴드 상단에 닿았는데도 계속 오르는 이유는?,상승 지속 또는 추가 확인 필요,즉각 반대 신호,상승 지속 또는 추가 확인 필요,팁! 기술적 지표는 단독으로 쓰기보다 추세·거래량과 함께 봐야 정확해요.
121,시장상식,S&P500과 다우지수의 가장 큰 차이는?,구성 방식과 대표성에서 차이,크게 다르지 않다,구성 방식과 대표성에서 차이,"팁! 지수마다 구성 방식이 달라요. 다우=30종 가격가중, S&P500=500종 시총가중."
122,시장상식,나스닥100은 어떤 기업만 포함될 수 있을까?,구성 방식과 대표성에서 차이,크게 다르지 않다,구성 방식과 대표성에서 차이,"팁! 지수마다 구성 방식이 달라요. 다우=30종 가격가중, S&P500=500종 시총가중."
123,시장상식,시가총액 상위 종목이 지수에 주는 영향은?,구성 방식과 대표성에서 차이,크게 다르지 않다,구성 방식과 대표성에서 차이,"팁! 지수마다 구성 방식이 달라요. 다우=30종 가격가중, S&P500=500종 시총가중."
124,시장상식,대형주와 소형주의 차이점은?,구성 방식과 대표성에서 차이,크게 다르지 않다,구성 방식과 대표성에서 차이,"팁! 지수마다 구성 방식이 달라요. 다우=30종 가격가중, S&P500=500종 시총가중."
125,시장상식,ETF와 인덱스펀드의 차이는?,구성 방식과 대표성에서 차이,크게 다르지 않다,구성 방식과 대표성에서 차이,"팁! 지수마다 구성 방식이 달라요. 다우=30종 가격가중, S&P500=500종 시총가중."
126,시장상식,S&P500과 다우지수의 가장 큰 차이는?,구성 방식과 대표성에서 차이,크게 다르지 않다,구성 방식과 대표성에서 차이,"팁! 지수마다 구성 방식이 달라요. 다우=30종 가격가중, S&P500=500종 시총가중."
127,시장상식,나스닥100은 어떤 기업만 포함될 수 있을까?,구성 방식과 대표성에서 차이,크게 다르지 않다,구성 방식과 대표성에서 차이,"팁! 지수마다 구성 방식이 달라요. 다우=30종 가격가중, S&P500=500종 시총가중."
128,시장상식,시가총액 상위 종목이 지수에 주는 영향은?,구성 방식과 대표성에서 차이,크게 다르지 않다,구성 방식과 대표성에서 차이,"팁! 지수마다 구성 방식이 달라요. 다우=30종 가격가중, S&P500=500종 시총가중."
129,시장상식,대형주와 소형주의 차이점은?,구성 방식과 대표성에서 차이,크게 다르지 않다,구성 방식과 대표성에서 차이,"팁! 지수마다 구성 방식이 달라요. 다우=30종 가격가중, S&P500=500종 시총가중."
130,시장상식,ETF와 인덱스펀드의 차이는?,구성 방식과 대표성에서 차이,크게 다르지 않다,구성 방식과 대표성에서 차이,"팁! 지수마다 구성 방식이 달라요. 다우=30종 가격가중, S&P500=500종 시총가중."
131,시장상식,S&P500과 다우지수의 가장 큰 차이는?,구성 방식과 대표성에서 차이,크게 다르지 않다,구성 방식과 대표성에서 차이,"팁! 지수마다 구성 방식이 달라요. 다우=30종 가격가중, S&P500=500종 시총가중."
132,시장상식,나스닥100은 어떤 기업만 포함될 수 있을까?,구성 방식과 대표성에서 차이,크게 다르지 않다,구성 방식과 대표성에서 차이,"팁! 지수마다 구성 방식이 달라요. 다우=30종 가격가중, S&P500=500종 시총가중."
133,시장상식,시가총액 상위 종목이 지수에 주는 영향은?,구성 방식과 대표성에서 차이,크게 다르지 않다,구성 방식과 대표성에서 차이,"팁! 지수마다 구성 방식이 달라요. 다우=30종 가격가중, S&P500=500종 시총가중."
134,시장상식,대형주와 소형주의 차이점은?,구성 방식과 대표성에서 차이,크게 다르지 않다,구성 방식과 대표성에서 차이,"팁! 지수마다 구성 방식이 달라요. 다우=30종 가격가중, S&P500=500종 시총가중."
135,시장상식,ETF와 인덱스펀드의 차이는?,구성 방식과 대표성에서 차이,크게 다르지 않다,구성 방식과 대표성에서 차이,"팁! 지수마다 구성 방식이 달라요. 다우=30종 가격가중, S&P500=500종 시총가중."
136,시장상식,S&P500과 다우지수의 가장 큰 차이는?,구성 방식과 대표성에서 차이,크게 다르지 않다,구성 방식과 대표성에서 차이,"팁! 지수마다 구성 방식이 달라요. 다우=30종 가격가중, S&P500=500종 시총가중."
137,시장상식,나스닥100은 어떤 기업만 포함될 수 있을까?,구성 방식과 대표성에서 차이,크게 다르지 않다,구성 방식과 대표성에서 차이,"팁! 지수마다 구성 방식이 달라요. 다우=30종 가격가중, S&P500=500종 시총가중."
138,시장상식,시가총액 상위 종목이 지수에 주는 영향은?,구성 방식과 대표성에서 차이,크게 다르지 않다,구성 방식과 대표성에서 차이,"팁! 지수마다 구성 방식이 달라요. 다우=30종 가격가중, S&P500=500종 시총가중."
139,시장상식,대형주와 소형주의 차이점은?,구성 방식과 대표성에서 차이,크게 다르지 않다,구성 방식과 대표성에서 차이,"팁! 지수마다 구성 방식이 달라요. 다우=30종 가격가중, S&P500=500종 시총가중."
140,시장상식,ETF와 인덱스펀드의 차이는?,구성 방식과 대표성에서 차이,크게 다르지 않다,구성 방식과 대표성에서 차이,"팁! 지수마다 구성 방식이 달라요. 다우=30종 가격가중, S&P500=500종 시총가중."
141,시장상식,S&P500과 다우지수의 가장 큰 차이는?,구성 방식과 대표성에서 차이,크게 다르지 않다,구성 방식과 대표성에서 차이,"팁! 지수마다 구성 방식이 달라요. 다우=30종 가격가중, S&P500=500종 시총가중."
142,시장상식,나스닥100은 어떤 기업만 포함될 수 있을까?,구성 방식과 대표성에서 차이,크게 다르지 않다,구성 방식과 대표성에서 차이,"팁! 지수마다 구성 방식이 달라요. 다우=30종 가격가중, S&P500=500종 시총가중."
143,시장상식,시가총액 상위 종목이 지수에 주는 영향은?,구성 방식과 대표성에서 차이,크게 다르지 않다,구성 방식과 대표성에서 차이,"팁! 지수마다 구성 방식이 달라요. 다우=30종 가격가중, S&P500=500종 시총가중."
144,시장상식,대형주와 소형주의 차이점은?,구성 방식과 대표성에서 차이,크게 다르지 않다,구성 방식과 대표성에서 차이,"팁! 지수마다 구성 방식이 달라요. 다우=30종 가격가중, S&P500=500종 시총가중."
145,시장상식,ETF와 인덱스펀드의 차이는?,구성 방식과 대표성에서 차이,크게 다르지 않다,구성 방식과 대표성에서 차이,"팁! 지수마다 구성 방식이 달라요. 다우=30종 가격가중, S&P500=500종 시총가중."
146,시장상식,S&P500과 다우지수의 가장 큰 차이는?,구성 방식과 대표성에서 차이,크게 다르지 않다,구성 방식과 대표성에서 차이,"팁! 지수마다 구성 방식이 달라요. 다우=30종 가격가중, S&P500=500종 시총가중."
147,시장상식,나스닥100은 어떤 기업만 포함될 수 있을까?,구성 방식과 대표성에서 차이,크게 다르지 않다,구성 방식과 대표성에서 차이,"팁! 지수마다 구성 방식이 달라요. 다우=30종 가격가중, S&P500=500종 시총가중."
148,시장상식,시가총액 상위 종목이 지수에 주는 영향은?,구성 방식과 대표성에서 차이,크게 다르지 않다,구성 방식과 대표성에서 차이,"팁! 지수마다 구성 방식이 달라요. 다우=30종 가격가중, S&P500=500종 시총가중."
149,시장상식,대형주와 소형주의 차이점은?,구성 방식과 대표성에서 차이,크게 다르지 않다,구성 방식과 대표성에서 차이,"팁! 지수마다 구성 방식이 달라요. 다우=30종 가격가중, S&P500=500종 시총가중."
150,시장상식,ETF와 인덱스펀드의 차이는?,구성 방식과 대표성에서 차이,크게 다르지 않다,구성 방식과 대표성에서 차이,"팁! 지수마다 구성 방식이 달라요. 다우=30종 가격가중, S&P500=500종 시총가중."
151,기본개념,액면분할 후 주가는 왜 다시 오를 수 있을까?,투자자 심리·유통주식 수 변화 때문,의미 없다,투자자 심리·유통주식 수 변화 때문,팁! 개념 이해는 단순 계산보다 투자자 심리·자금흐름과 연결돼 있어요.
152,기본개념,유상증자와 무상증자의 차이는?,투자자 심리·유통주식 수 변화 때문,의미 없다,투자자 심리·유통주식 수 변화 때문,팁! 개념 이해는 단순 계산보다 투자자 심리·자금흐름과 연결돼 있어요.
153,기본개념,자사주 매입이 단순 주가 부양을 넘어 의미하는 것은?,투자자 심리·유통주식 수 변화 때문,의미 없다,투자자 심리·유통주식 수 변화 때문,팁! 개념 이해는 단순 계산보다 투자자 심리·자금흐름과 연결돼 있어요.
154,기본개념,배당락일 이후에도 주가가 오를 수 있는 이유는?,투자자 심리·유통주식 수 변화 때문,의미 없다,투자자 심리·유통주식 수 변화 때문,팁! 개념 이해는 단순 계산보다 투자자 심리·자금흐름과 연결돼 있어요.
155,기본개념,IPO의 본질적인 의미는?,투자자 심리·유통주식 수 변화 때문,의미 없다,투자자 심리·유통주식 수 변화 때문,팁! 개념 이해는 단순 계산보다 투자자 심리·자금흐름과 연결돼 있어요.
156,기본개념,액면분할 후 주가는 왜 다시 오를 수 있을까?,투자자 심리·유통주식 수 변화 때문,의미 없다,투자자 심리·유통주식 수 변화 때문,팁! 개념 이해는 단순 계산보다 투자자 심리·자금흐름과 연결돼 있어요.
157,기본개념,유상증자와 무상증자의 차이는?,투자자 심리·유통주식 수 변화 때문,의미 없다,투자자 심리·유통주식 수 변화 때문,팁! 개념 이해는 단순 계산보다 투자자 심리·자금흐름과 연결돼 있어요.
158,기본개념,자사주 매입이 단순 주가 부양을 넘어 의미하는 것은?,투자자 심리·유통주식 수 변화 때문,의미 없다,투자자 심리·유통주식 수 변화 때문,팁! 개념 이해는 단순 계산보다 투자자 심리·자금흐름과 연결돼 있어요.
159,기본개념,배당락일 이후에도 주가가 오를 수 있는 이유는?,투자자 심리·유통주식 수 변화 때문,의미 없다,투자자 심리·유통주식 수 변화 때문,팁! 개념 이해는 단순 계산보다 투자자 심리·자금흐름과 연결돼 있어요.
160,기본개념,IPO의 본질적인 의미는?,투자자 심리·유통주식 수 변화 때문,의미 없다,투자자 심리·유통주식 수 변화 때문,팁! 개념 이해는 단순 계산보다 투자자 심리·자금흐름과 연결돼 있어요.
161,기본개념,액면분할 후 주가는 왜 다시 오를 수 있을까?,투자자 심리·유통주식 수 변화 때문,의미 없다,투자자 심리·유통주식 수 변화 때문,팁! 개념 이해는 단순 계산보다 투자자 심리·자금흐름과 연결돼 있어요.
162,기본개념,유상증자와 무상증자의 차이는?,투자자 심리·유통주식 수 변화 때문,의미 없다,투자자 심리·유통주식 수 변화 때문,팁! 개념 이해는 단순 계산보다 투자자 심리·자금흐름과 연결돼 있어요.
163,기본개념,자사주 매입이 단순 주가 부양을 넘어 의미하는 것은?,투자자 심리·유통주식 수 변화 때문,의미 없다,투자자 심리·유통주식 수 변화 때문,팁! 개념 이해는 단순 계산보다 투자자 심리·자금흐름과 연결돼 있어요.
164,기본개념,배당락일 이후에도 주가가 오를 수 있는 이유는?,투자자 심리·유통주식 수 변화 때문,의미 없다,투자자 심리·유통주식 수 변화 때문,팁! 개념 이해는 단순 계산보다 투자자 심리·자금흐름과 연결돼 있어요.
165,기본개념,IPO의 본질적인 의미는?,투자자 심리·유통주식 수 변화 때문,의미 없다,투자자 심리·유통주식 수 변화 때문,팁! 개념 이해는 단순 계산보다 투자자 심리·자금흐름과 연결돼 있어요.
166,기본개념,액면분할 후 주가는 왜 다시 오를 수 있을까?,투자자 심리·유통주식 수 변화 때문,의미 없다,투자자 심리·유통주식 수 변화 때문,팁! 개념 이해는 단순 계산보다 투자자 심리·자금흐름과 연결돼 있어요.
167,기본개념,유상증자와 무상증자의 차이는?,투자자 심리·유통주식 수 변화 때문,의미 없다,투자자 심리·유통주식 수 변화 때문,팁! 개념 이해는 단순 계산보다 투자자 심리·자금흐름과 연결돼 있어요.
168,기본개념,자사주 매입이 단순 주가 부양을 넘어 의미하는 것은?,투자자 심리·유통주식 수 변화 때문,의미 없다,투자자 심리·유통주식 수 변화 때문,팁! 개념 이해는 단순 계산보다 투자자 심리·자금흐름과 연결돼 있어요.
169,기본개념,배당락일 이후에도 주가가 오를 수 있는 이유는?,투자자 심리·유통주식 수 변화 때문,의미 없다,투자자 심리·유통주식 수 변화 때문,팁! 개념 이해는 단순 계산보다 투자자 심리·자금흐름과 연결돼 있어요.
170,기본개념,IPO의 본질적인 의미는?,투자자 심리·유통주식 수 변화 때문,의미 없다,투자자 심리·유통주식 수 변화 때문,팁! 개념 이해는 단순 계산보다 투자자 심리·자금흐름과 연결돼 있어요.
171,기본개념,액면분할 후 주가는 왜 다시 오를 수 있을까?,투자자 심리·유통주식 수 변화 때문,의미 없다,투자자 심리·유통주식 수 변화 때문,팁! 개념 이해는 단순 계산보다 투자자 심리·자금흐름과 연결돼 있어요.
172,기본개념,유상증자와 무상증자의 차이는?,투자자 심리·유통주식 수 변화 때문,의미 없다,투자자 심리·유통주식 수 변화 때문,팁! 개념 이해는 단순 계산보다 투자자 심리·자금흐름과 연결돼 있어요.
173,기본개념,자사주 매입이 단순 주가 부양을 넘어 의미하는 것은?,투자자 심리·유통주식 수 변화 때문,의미 없다,투자자 심리·유통주식 수 변화 때문,팁! 개념 이해는 단순 계산보다 투자자 심리·자금흐름과 연결돼 있어요.
174,기본개념,배당락일 이후에도 주가가 오를 수 있는 이유는?,투자자 심리·유통주식 수 변화 때문,의미 없다,투자자 심리·유통주식 수 변화 때문,팁! 개념 이해는 단순 계산보다 투자자 심리·자금흐름과 연결돼 있어요.
175,기본개념,IPO의 본질적인 의미는?,투자자 심리·유통주식 수 변화 때문,의미 없다,투자자 심리·유통주식 수 변화 때문,팁! 개념 이해는 단순 계산보다 투자자 심리·자금흐름과 연결돼 있어요.
176,기본개념,액면분할 후 주가는 왜 다시 오를 수 있을까?,투자자 심리·유통주식 수 변화 때문,의미 없다,투자자 심리·유통주식 수 변화 때문,팁! 개념 이해는 단순 계산보다 투자자 심리·자금흐름과 연결돼 있어요.
177,기본개념,유상증자와 무상증자의 차이는?,투자자 심리·유통주식 수 변화 때문,의미 없다,투자자 심리·유통주식 수 변화 때문,팁! 개념 이해는 단순 계산보다 투자자 심리·자금흐름과 연결돼 있어요.
178,기본개념,자사주 매입이 단순 주가 부양을 넘어 의미하는 것은?,투자자 심리·유통주식 수 변화 때문,의미 없다,투자자 심리·유통주식 수 변화 때문,팁! 개념 이해는 단순 계산보다 투자자 심리·자금흐름과 연결돼 있어요.
179,기본개념,배당락일 이후에도 주가가 오를 수 있는 이유는?,투자자 심리·유통주식 수 변화 때문,의미 없다,투자자 심리·유통주식 수 변화 때문,팁! 개념 이해는 단순 계산보다 투자자 심리·자금흐름과 연결돼 있어요.
180,기본개념,IPO의 본질적인 의미는?,투자자 심리·유통주식 수 변화 때문,의미 없다,투자자 심리·유통주식 수 변화 때문,팁! 개념 이해는 단순 계산보다 투자자 심리·자금흐름과 연결돼 있어요.
181,심리/매크로,금리 인상이 성장주와 가치주에 주는 차이,투자자 심리와 경제 환경에 따라 달라진다,항상 정반대 결과가 나온다,투자자 심리와 경제 환경에 따라 달라진다,팁! 금리·환율·원자재 같은 매크로 변수는 업종별로 다른 영향을 줘요.
182,심리/매크로,달러 강세가 수출기업에 주는 영향,투자자 심리와 경제 환경에 따라 달라진다,항상 정반대 결과가 나온다,투자자 심리와 경제 환경에 따라 달라진다,팁! 금리·환율·원자재 같은 매크로 변수는 업종별로 다른 영향을 줘요.
183,심리/매크로,유가 상승이 에너지주와 항공주에 미치는 반대 효과,투자자 심리와 경제 환경에 따라 달라진다,항상 정반대 결과가 나온다,투자자 심리와 경제 환경에 따라 달라진다,팁! 금리·환율·원자재 같은 매크로 변수는 업종별로 다른 영향을 줘요.
184,심리/매크로,VIX가 낮은데도 시장이 급락하는 이유,투자자 심리와 경제 환경에 따라 달라진다,항상 정반대 결과가 나온다,투자자 심리와 경제 환경에 따라 달라진다,팁! 금리·환율·원자재 같은 매크로 변수는 업종별로 다른 영향을 줘요.
185,심리/매크로,FOMO와 패닉셀이 동시에 나타날 때는?,투자자 심리와 경제 환경에 따라 달라진다,항상 정반대 결과가 나온다,투자자 심리와 경제 환경에 따라 달라진다,팁! 금리·환율·원자재 같은 매크로 변수는 업종별로 다른 영향을 줘요.
186,심리/매크로,금리 인상이 성장주와 가치주에 주는 차이,투자자 심리와 경제 환경에 따라 달라진다,항상 정반대 결과가 나온다,투자자 심리와 경제 환경에 따라 달라진다,팁! 금리·환율·원자재 같은 매크로 변수는 업종별로 다른 영향을 줘요.
187,심리/매크로,달러 강세가 수출기업에 주는 영향,투자자 심리와 경제 환경에 따라 달라진다,항상 정반대 결과가 나온다,투자자 심리와 경제 환경에 따라 달라진다,팁! 금리·환율·원자재 같은 매크로 변수는 업종별로 다른 영향을 줘요.
188,심리/매크로,유가 상승이 에너지주와 항공주에 미치는 반대 효과,투자자 심리와 경제 환경에 따라 달라진다,항상 정반대 결과가 나온다,투자자 심리와 경제 환경에 따라 달라진다,팁! 금리·환율·원자재 같은 매크로 변수는 업종별로 다른 영향을 줘요.
189,심리/매크로,VIX가 낮은데도 시장이 급락하는 이유,투자자 심리와 경제 환경에 따라 달라진다,항상 정반대 결과가 나온다,투자자 심리와 경제 환경에 따라 달라진다,팁! 금리·환율·원자재 같은 매크로 변수는 업종별로 다른 영향을 줘요.
190,심리/매크로,FOMO와 패닉셀이 동시에 나타날 때는?,투자자 심리와 경제 환경에 따라 달라진다,항상 정반대 결과가 나온다,투자자 심리와 경제 환경에 따라 달라진다,팁! 금리·환율·원자재 같은 매크로 변수는 업종별로 다른 영향을 줘요.
191,심리/매크로,금리 인상이 성장주와 가치주에 주는 차이,투자자 심리와 경제 환경에 따라 달라진다,항상 정반대 결과가 나온다,투자자 심리와 경제 환경에 따라 달라진다,팁! 금리·환율·원자재 같은 매크로 변수는 업종별로 다른 영향을 줘요.
192,심리/매크로,달러 강세가 수출기업에 주는 영향,투자자 심리와 경제 환경에 따라 달라진다,항상 정반대 결과가 나온다,투자자 심리와 경제 환경에 따라 달라진다,팁! 금리·환율·원자재 같은 매크로 변수는 업종별로 다른 영향을 줘요.
193,심리/매크로,유가 상승이 에너지주와 항공주에 미치는 반대 효과,투자자 심리와 경제 환경에 따라 달라진다,항상 정반대 결과가 나온다,투자자 심리와 경제 환경에 따라 달라진다,팁! 금리·환율·원자재 같은 매크로 변수는 업종별로 다른 영향을 줘요.
194,심리/매크로,VIX가 낮은데도 시장이 급락하는 이유,투자자 심리와 경제 환경에 따라 달라진다,항상 정반대 결과가 나온다,투자자 심리와 경제 환경에 따라 달라진다,팁! 금리·환율·원자재 같은 매크로 변수는 업종별로 다른 영향을 줘요.
195,심리/매크로,FOMO와 패닉셀이 동시에 나타날 때는?,투자자 심리와 경제 환경에 따라 달라진다,항상 정반대 결과가 나온다,투자자 심리와 경제 환경에 따라 달라진다,팁! 금리·환율·원자재 같은 매크로 변수는 업종별로 다른 영향을 줘요.
196,심리/매크로,금리 인상이 성장주와 가치주에 주는 차이,투자자 심리와 경제 환경에 따라 달라진다,항상 정반대 결과가 나온다,투자자 심리와 경제 환경에 따라 달라진다,팁! 금리·환율·원자재 같은 매크로 변수는 업종별로 다른 영향을 줘요.
197,심리/매크로,달러 강세가 수출기업에 주는 영향,투자자 심리와 경제 환경에 따라 달라진다,항상 정반대 결과가 나온다,투자자 심리와 경제 환경에 따라 달라진다,팁! 금리·환율·원자재 같은 매크로 변수는 업종별로 다른 영향을 줘요.
198,심리/매크로,유가 상승이 에너지주와 항공주에 미치는 반대 효과,투자자 심리와 경제 환경에 따라 달라진다,항상 정반대 결과가 나온다,투자자 심리와 경제 환경에 따라 달라진다,팁! 금리·환율·원자재 같은 매크로 변수는 업종별로 다른 영향을 줘요.
199,심리/매크로,VIX가 낮은데도 시장이 급락하는 이유,투자자 심리와 경제 환경에 따라 달라진다,항상 정반대 결과가 나온다,투자자 심리와 경제 환경에 따라 달라진다,팁! 금리·환율·원자재 같은 매크로 변수는 업종별로 다른 영향을 줘요.
200,심리/매크로,FOMO와 패닉셀이 동시에 나타날 때는?,투자자 심리와 경제 환경에 따라 달라진다,항상 정반대 결과가 나온다,투자자 심리와 경제 환경에 따라 달라진다,팁! 금리·환율·원자재 같은 매크로 변수는 업종별로 다른 영향을 줘요.
