시장상식,CB란 무엇인가요?,주식으로 전환 가능한 채권,회사채의 다른 이름,1,고급,"CB(Convertible Bond)는 일정한 조건 하에서 주식으로 전환할 수 있는 채권입니다. 평상시에는 이자를 받는 채권이지만, 주가가 오르면 주식으로 바꿔서 자본이득을 노릴 수 있어요. 주식과 채권의 장점을 결합한 상품입니다."
시장상식,BW의 특징은?,신주인수권을 별도 행사,자동으로 주식 전환,1,고급,"BW(Bond with Warrant)는 채권에 신주인수권이 부착된 상품으로, 채권과 신주인수권을 별도로 행사할 수 있습니다. CB와 달리 채권은 그대로 두고 신주인수권만 행사해서 주식을 추가로 살 수 있어요."
시장상식,ELS의 위험요소는?,기초자산 하락 시 원금손실,만기 전 중도해지 불가,1,응용,"ELS(Equity Linked Security)는 주가지수나 개별 주식에 연계된 파생상품으로, 기초자산이 크게 하락하면 원금 손실이 발생할 수 있습니다. 높은 수익률을 제공하지만 원금보장이 되지 않는 위험상품입니다."
시장상식,공모펀드와 사모펀드의 차이점은?,투자자 제한 여부,투자 대상의 차이,1,초급,"공모펀드는 일반 대중에게 공개 판매하는 펀드이고, 사모펀드는 소수의 전문투자자만 투자할 수 있는 펀드입니다. 공모펀드는 규제가 많은 대신 안전성이 높고, 사모펀드는 규제가 적은 대신 더 공격적인 투자가 가능해요."
시장상식,헤지펀드의 전략 특징은?,절대수익 추구,시장 수익률 추종,1,고급,"헤지펀드는 시장 상황에 관계없이 절대수익을 추구하는 대안투자 펀드입니다. 공매도, 파생상품, 레버리지 등 다양한 전략을 활용해요. 높은 수수료를 받는 대신 시장보다 높은 성과를 목표로 합니다."
시장상식,인덱스 펀드의 장점은?,낮은 비용으로 시장 수익률 확보,시장보다 높은 수익률 보장,1,응용,"인덱스 펀드는 특정 지수를 그대로 따라가는 수동 운용 펀드로, 가장 큰 장점은 낮은 비용입니다. 별도의 종목 선택 없이 지수 구성종목을 그대로 매수하므로 운용보수가 매우 낮아요. 시장 평균 수익률을 안정적으로 확보할 수 있습니다."
시장상식,밸류 투자의 핵심 철학은?,내재가치보다 싸게 사기,성장률이 높은 기업 찾기,1,초급,"밸류 투자는 기업의 내재가치보다 낮은 가격에 거래되는 주식을 찾아 투자하는 전략입니다. 워렌 버핏이 대표적인 밸류 투자자예요. PER, PBR 등이 낮고 배당수익률이 높은 저평가 주식을 장기 보유합니다."
시장상식,그로스 투자의 특징은?,높은 성장률에 베팅,안정적인 배당에 집중,1,응용,"그로스(성장) 투자는 매출액이나 이익이 빠르게 성장하는 기업에 투자하는 전략입니다. 높은 성장률을 위해 PER이 높더라도 기꺼이 프리미엄을 지불해요. 현재 수익보다는 미래 가능성에 투자하므로 변동성이 크지만, 성공할 경우 큰 수익을 거둘 수 있습니다."
시장상식,모멘텀 투자란 무엇인가요?,상승 추세를 따라가는 투자,하락할 때 매수하는 투자,1,고급,"모멘텀 투자는 주가나 실적의 상승 추세가 당분간 지속될 것이라고 보고 추세를 따라가는 투자 전략입니다. 기술적 분석을 많이 활용하며 상승하는 주식을 매수해요. 추세가 지속되는 동안은 큰 수익을 거둘 수 있지만, 추세 전환 시 손실 위험이 큽니다."
시장상식,컨트래리언 투자의 의미는?,대중 심리와 반대로 투자,대중 심리를 따라 투자,1,응용,"컨트래리언(역발상) 투자는 시장의 대중 심리와 반대로 투자하는 전략입니다. 모든 사람이 팔 때 사고, 모든 사람이 살 때 파는 방식이에요. '남들이 탐욕스러울 때 두려워하고, 남들이 두려워할 때 탐욕스러워야 한다'는 워렌 버핏의 격언이 대표적입니다."
시장상식,달러코스트 평균법이란?,정기적으로 일정 금액 투자,한 번에 모든 자금 투자,1,초급,"달러코스트 평균법(DCA)은 주가 변동에 관계없이 정기적으로 일정 금액을 투자하는 방법입니다. 주가가 높을 때는 적게, 낮을 때는 많이 사게 되어 평균 단가를 낮출 수 있어요. 적립식 투자의 기본 원리입니다."
기본개념,주식이란 무엇인가요?,회사 소유권의 일부,회사에 빌려준 돈,1,초급,"주식은 회사 소유권의 일부를 나타내는 증권입니다. 주식을 사면 그 회사의 주주가 되어 회사의 이익에 참여하고 경영에 참여할 권리를 갖게 돼요. 회사가 성장하면 주가도 올라가고, 배당도 받을 수 있습니다."
기본개념,시가총액이란 무엇인가요?,현재주가×발행주식수,순이익×PER,1,초급,"시가총액 = 현재주가×발행주식수입니다. 해당 기업의 총 가치를 의미해요. 예: 주가 70000원, 발행주식 59억주면 시총 약 413조원입니다. 회사를 통째로 사려면 필요한 돈이라고 생각하면 쉬워요."
기본개념,액면분할은 왜 하나요?,투자 접근성 개선,주주 수 증가,1,응용,"액면분할은 1주를 여러 주로 나누어 주가를 낮추는 것입니다. 시총은 그대로지만 투자 접근성이 높아져요. 예: 100000원 1주를 50000원 2주로 분할하면 소액투자자도 사기 쉬워집니다. 분할 후 유동성 증가로 주가 상승 효과가 나타나기도 합니다."
기본개념,주식의 액면가란 무엇인가요?,주식 발행 시 기준 가격,현재 거래되는 시장 가격,1,초급,"액면가는 주식 발행 시 정해지는 기준 가격으로, 회사의 자본금을 계산할 때 사용됩니다. 예: 액면가 5000원, 발행주식 100만주라면 자본금은 50억원입니다. 현재는 대부분 주식이 액면가보다 높게 거래되며, 실제 투자 판단과는 큰 관련이 없어요."
기본개념,보통주와 우선주의 차이는?,의결권 vs 배당 우선권,거래량 차이,1,응용,"보통주는 의결권이 있어 경영에 참여할 수 있지만, 우선주는 의결권 대신 배당에서 우선권을 갖습니다. 우선주는 보통 보통주보다 주가가 낮게 형성되며, 안정적인 배당수익을 원하는 투자자가 선호합니다."
기본개념,주주총회에서 결정하는 주요 사안은?,이사 선임과 배당,일상적인 경영 업무,1,고급,"주주총회는 주주들이 모여 회사의 중요한 사항을 결정하는 최고 의결기구입니다. 이사 선임, 배당, 정관 변경, 합병 등 중요한 사안을 다뤄요. 보통주 보유자만 의결권을 행사할 수 있어요."
기본개념,증권거래세는 언제 내나요?,주식 매도 시,주식 매수 시,1,초급,"증권거래세는 주식을 매도할 때 매도금액의 일정 비율로 부과되는 세금입니다. 현재 코스피는 0.20%, 코스닥은 0.25%예요. 매수할 때는 증권거래세가 없고, 대신 매매 시마다 증권회사에 수수료를 지불해야 해요."
기본개념,양도소득세 기준은 무엇인가요?,대주주 여부와 보유기간,매매 횟수,1,응용,"개인투자자의 경우 대주주(지분 1% 이상 또는 시가 10억원 이상)가 아니면 양도소득세가 면제됩니다. 대주주는 양도차익에 대해 22% 또는 27.5%의 세율을 적용해요. 중소형주 투자 시에는 대부분 면세 혜택을 받습니다."
기본개념,한국주식 거래 시간은 언제인가요?,오전 9시-오후 3시 30분,오전 8시-오후 4시,1,초급,"한국 주식시장의 정규 거래시간은 오전 9시부터 오후 3시 30분까지입니다. 오전 8시부터는 시간외 거래가 가능하고, 장 마감 후에도 시간외 단일가 거래가 있어요. 공휴일과 주말에는 거래가 중단됩니다."
기본개념,호가 단위는 어떻게 정해지나요?,주가 수준에 따라 차등,모든 주식 동일하게,1,응용,"호가 단위는 주가 수준에 따라 다르게 정해집니다. 1만원 미만은 5원 단위, 1만-5만원은 10원, 5만-10만원은 50원, 10만-50만원은 100원 단위예요. 높은 주가일수록 호가 단위가 커집니다."
기본개념,상한가와 하한가는 몇 퍼센트인가요?,±30%,±20%,1,초급,"한국 주식시장의 일일 가격제한폭은 전일 종가 기준 ±30%입니다. 30% 오르면 상한가, 30% 내리면 하한가예요. 이는 급격한 가격 변동을 방지해 투자자를 보호하기 위한 제도입니다."
기본개념,주식 분할매매는 왜 중요한가요?,평균단가 조절과 리스크 분산,수수료 절약,1,고급,"분할매매는 한 번에 모든 물량을 거래하지 않고 여러 번에 나눠서 매매하는 방법입니다. 평균단가를 유리하게 만들고 시장 충격을 줄일 수 있어요. 특히 대량 거래 시 시장가격에 미치는 영향을 최소화할 수 있어요."
기본개념,시장가 주문과 지정가 주문의 차이는?,즉시 체결 vs 가격 지정,거래량 차이,1,응용,"시장가 주문은 가격에 관계없이 즉시 체결되는 주문이고, 지정가 주문은 원하는 가격을 정해서 내는 주문입니다. 시장가는 확실한 체결이 장점이지만 예상과 다른 가격에 거래될 수 있어요."
기본개념,주식 계좌 개설 시 필요한 것은?,신분증과 입출금 통장,소득증명서,1,초급,"주식 계좌 개설 시에는 본인 확인을 위한 신분증과 입출금을 위한 은행 통장이 필요합니다. 최근에는 온라인으로도 간편하게 개설할 수 있어요. 미성년자는 부모 동의가 필요하고, 외국인은 추가 서류가 요구될 수 있어요."
기본개념,주식 매매 수수료는 얼마인가요?,매매대금의 0.015% 내외,매매 건수당 고정 금액,1,응용,"주식 매매 수수료는 보통 매매대금의 0.015% 내외입니다(증권회사마다 차이). 온라인이 오프라인보다 저렴하고, 거래량이 많을수록 우대 혜택이 있습니다. 최근에는 수수료 경쟁으로 0.01% 이하까지 내려간 곳도 있어요."
기본개념,주식용어 'PER'을 한글로 하면?,주가수익비율,주가매출비율,1,초급,"PER(Price Earnings Ratio)의 한글 표기는 주가수익비율입니다. 주가를 주당순이익(EPS)으로 나눈 값으로, 현재 주가가 1주당 이익의 몇 배인지 보여줘요. 쉽게 말해 현재 주가 수준에서 원금을 회수하려면 몇 년이 걸리는지를 나타내는 지표입니다."
기본개념,'공시'란 무엇인가요?,중요 정보의 공개 의무,주가 전망 발표,1,응용,"공시는 상장회사가 투자자에게 경영상 중요한 정보를 의무적으로 공개하는 제도입니다. 재무제표, 지분 변동, 경영권 변화 등을 투자자가 알 수 있도록 해요. 금융감독원의 전자공시시스템(DART)에서 모든 공시를 확인할 수 있어요."
기본개념,IR이란 무엇의 줄임말인가요?,투자자 관계,이자율,1,고급,"IR(Investor Relations)은 투자자 관계를 뜻하며, 기업이 투자자들과 소통하는 모든 활동을 말합니다. 실적 발표회, 공장 견학, 1대1 미팅 등이 여기에 포함돼요. 좋은 IR은 기업가치 제고에 중요한 역할을 하며, 투자자들의 이해도를 높입니다."
기본개념,애널리스트가 하는 일은?,기업 분석과 투자의견 제시,주식 직접 매매,1,응용,"애널리스트는 증권회사나 자산운용회사에서 특정 기업이나 업종을 전문적으로 분석하는 사람입니다. 재무제표 분석, 산업 동향 파악, 경영진 미팅 등을 통해 투자의견을 제시해요. 이들의 의견은 주가에 큰 영향을 미치기도 해요."
기본개념,블록딜이란 무엇인가요?,대량 주식의 장외 거래,소액 주식의 분할 거래,1,고급,"블록딜은 대량의 주식을 정규 시장이 아닌 장외에서 거래하는 방법입니다. 보통 시가총액의 1% 이상 또는 50억원 이상 거래 시 활용해요. 시장 충격을 줄이고 거래 비용을 절약할 수 있어요."
기본개념,스마트 베타란 무엇인가요?,특정 팩터에 기반한 투자,인공지능 투자,1,고급,"스마트 베타는 시가총액 가중 대신 밸류, 모멘텀, 저변동성 등 특정 팩터에 기반해 포트폴리오를 구성하는 투자 방법입니다. 시장 평균보다 나은 성과나 낮은 위험을 추구하며, 패시브와 액티브의 중간 형태로 평가됩니다."
기본개념,포트폴리오 리밸런싱이란?,자산 비중 조정,수익률 재계산,1,응용,"리밸런싱은 시간이 지나면서 변한 자산 비중을 원래 목표 비중으로 되돌리는 과정입니다. 이를 통해 위험을 관리하고, '고평가 자산은 팔고 저평가 자산은 사는' 역발상 효과도 얻을 수 있습니다."
기본개념,자산배분이 중요한 이유는?,리스크 분산과 안정성 확보,높은 수익률 보장,1,초급,"자산배분은 주식, 채권, 부동산, 현금 등 서로 다른 자산에 분산 투자하는 것으로, 리스크를 줄이고 안정성을 높이는 것이 목적입니다. 한 자산이 하락해도 다른 자산이 방어막 역할을 해요."
기본개념,주식투자의 기본 원칙은?,분산투자와 장기투자,집중투자와 단기투자,1,초급,"주식투자의 기본 원칙은 분산투자와 장기투자입니다. 여러 종목과 업종에 나누어 투자해 리스크를 분산하고, 단기 변동에 일희일비하지 말고 장기적 관점에서 투자해야 해요. '계란을 한 바구니에 담지 마라'는 격언이 분산투자의 중요성을 말해줍니다."
배당,배당이란 무엇인가요?,기업이 주주에게 주는 이익 분배,기업이 은행에서 받는 이자,1,초급,"배당은 기업이 벌어들인 이익을 주주들에게 현금으로 나누어 주는 것입니다. 주식을 보유한 대가로 받는 수익이에요. 예: 주당 1000원 배당을 준다면, 100주 보유 시 10만원을 받게 됩니다. 정기적인 현금수익을 얻을 수 있는 투자의 매력 중 하나입니다."
배당,배당수익률은 어떻게 계산하나요?,연간배당금÷주가,배당금÷순이익,1,초급,"배당수익률 = (연간배당금÷현재주가)×100입니다. 주가 대비 1년간 받을 수 있는 배당금 비율이에요. 예: 주가 50000원, 연간배당 1000원이면 배당수익률 2%입니다. 배당 투자의 기본 지표로, 은행 예금금리와 비교해서 투자 매력도를 판단할 수 있어요."
배당,배당락일이란 무엇인가요?,배당 권리가 소멸되는 날,배당금을 지급하는 날,1,응용,"배당락일은 배당을 받을 권리가 소멸되는 날로, 이날부터는 주식을 사도 해당 배당을 받을 수 없어요. 보통 배당락일에 주가가 배당금만큼 하락합니다. 배당 투자 시 락일을 잘못 계산하면 예상과 다른 수익률이 나올 수 있으니 주의하세요."
배당,중간배당과 기말배당의 차이는?,지급 시기,배당 금액,1,고급,"중간배당은 사업연도 중간에 지급하는 배당이고, 기말배당은 연말 결산 후 지급하는 배당입니다. 중간배당은 이사회 결정만으로 가능하지만, 기말배당은 주주총회 승인이 필요합니다. 연간 총 배당금은 중간배당과 기말배당을 합한 금액으로 계산해요."
배당,배당성향이 높다는 것은?,이익 중 배당 비중이 크다,부채가 많다,1,응용,"배당성향 = 배당금÷당기순이익×100입니다. 벌어들인 이익 중 얼마를 주주에게 배당으로 돌려주는지 보여줍니다. 너무 높으면 성장투자 여력이 부족할 수 있고, 보통 20-40%가 적정 수준입니다. 성숙한 기업일수록 배당성향이 높은 경향이 있어요."
배당,배당 재투자의 장점은?,복리 효과로 수익 증대,세금 혜택,1,초급,"배당 재투자는 받은 배당금으로 다시 같은 주식을 사는 것으로, 복리 효과를 통해 장기 수익을 극대화할 수 있습니다. 시간이 갈수록 보유 주식수가 늘어나 배당금도 더 많이 받게 되는 선순환 구조입니다."
배당,특별배당은 언제 지급하나요?,일회성 큰 수익 발생 시,매년 정기적으로,1,고급,"특별배당은 부동산 매각, 사업 매각 등으로 일회성 큰 수익이 발생했을 때 지급하는 추가 배당입니다. 정기배당과는 별개로 임시로 주주에게 돌려주는 것이에요. 지속성이 없으므로 투자 판단 시 정기배당과 구분해서 봐야 해요."
배당,고배당주 투자 시 주의점은?,배당 지속가능성 확인,높은 배당수익률만 추구,1,응용,"고배당주 투자 시 가장 중요한 것은 배당의 지속가능성입니다. 일시적으로 높은 배당을 주다가 삭감하면 배당수익률과 주가가 동시에 하락할 위험이 있어요. 배당성향, 현금흐름, 부채비율 등을 종합적으로 분석해서 지속 가능한 배당인지 확인해야 해요."
배당,REIT의 배당 특징은?,임대수익의 90% 이상 배당,일반 기업보다 낮은 배당,1,고급,"리츠(REIT)는 법적으로 임대수익의 90% 이상을 배당으로 지급해야 하므로 일반적으로 높은 배당수익률을 보입니다. 부동산 임대료가 안정적이므로 배당의 지속성도 높습니다. 다만 부동산 경기나 금리 변동에 민감하게 반응할 수 있어요."
배당,월배당 ETF의 장점은?,매월 현금흐름 확보,연간 수익률이 더 높다,1,응용,"월배당 ETF는 매월 배당을 지급해 정기적인 현금흐름을 확보할 수 있는 것이 가장 큰 장점입니다. 은퇴자나 현금흐름이 필요한 투자자에게 유용해요. 다만 매월 배당하는 만큼 개별 배당금액은 작고, 세금도 자주 발생한다는 단점이 있어요."
배당,배당금에 대한 세금은 얼마인가요?,15.4%,22%,1,초급,"배당소득세는 15.4%(소득세 14% + 지방소득세 1.4%)입니다. 2000만원 이하 배당소득은 분리과세를 선택할 수 있고, 초과분은 종합소득세 신고 대상입니다. 외국 배당의 경우 현지에서 원천징수 후 국내에서 추가 과세됩니다."
배당,배당 투자의 세금 효율성을 높이는 방법은?,ISA나 연금계좌 활용,고배당주만 선택,1,고급,"배당 투자의 세금 부담을 줄이려면 ISA(개인종합자산관리계좌)나 연금계좌를 활용하는 것이 좋습니다. ISA는 연간 400만원까지 배당소득 비과세 혜택이 있고, IRP나 DC형 퇴직연금은 배당소득이 과세이연돼요."
배당,배당 커버리지란 무엇인가요?,이익으로 배당을 감당할 수 있는 정도,배당금의 증가율,1,응용,"배당 커버리지 = 주당순이익÷주당배당금입니다. 당기순이익이 배당금을 몇 배나 커버할 수 있는지 보여주는 지표예요. 높을수록 배당의 안정성이 높고, 1.5배 이상이면 안전하다고 봅니다. 1배 미만이면 적자 배당을 의미해 지속가능성에 의문이 생겨요."
배당,누적우선주와 비누적우선주의 차이는?,미지급 배당의 이월 여부,배당률의 차이,1,고급,"누적우선주는 특정 연도에 배당을 못 받으면 그 배당이 다음 연도로 누적되지만, 비누적우선주는 그 해 배당을 못 받으면 영영 받을 수 없어요. 투자자 입장에서는 누적우선주가 더 유리합니다."
배당,전환우선주란 무엇인가요?,보통주로 전환 가능한 우선주,배당률이 변하는 우선주,1,고급,"전환우선주는 일정한 조건 하에서 보통주로 전환할 수 있는 우선주입니다. 안정적인 배당을 받다가 주가가 오르면 보통주로 바꿔서 자본이득도 노릴 수 있어요. 우선주와 보통주의 장점을 결합한 상품입니다."
배당,배당성장주 투자의 핵심은?,지속적인 배당 증가,높은 초기 배당수익률,1,응용,"배당성장주 투자는 현재 배당수익률보다 지속적으로 배당을 늘려가는 기업에 투자하는 전략입니다. 시간이 지날수록 투자원금 대비 배당수익률이 높아지는 효과를 누릴 수 있어요. 단순 고배당주보다 장기적으로 더 유리할 수 있어요."
배당,배당 투자 시 인플레이션 헤지 효과는?,배당 증가로 실질가치 보전,물가 상승과 무관,1,고급,"우량한 배당주들은 물가 상승에 맞춰 배당을 늘려가므로 인플레이션 헤지 효과가 있습니다. 기업이 인플레이션에 맞춰 제품 가격을 올리고 배당도 늘리기 때문이에요. 장기 배당 투자가 인플레이션으로부터 구매력을 보호하는 수단이 되는 이유입니다."
배당,고배당 ETF 투자 시 고려사항은?,분산효과와 운용보수,개별 종목 선택권,1,응용,"고배당 ETF는 여러 고배당주에 분산투자하는 효과가 있지만, 운용보수와 구성 종목을 반드시 확인해야 합니다. 편의성과 비용을 비교해서 선택하세요."
배당,배당투자와 성장투자 중 어느 것이 좋은가요?,투자 목적에 따라 다르다,항상 배당투자가 좋다,1,초급,"배당투자와 성장투자 중 어느 것이 좋다고 단정할 수는 없어요. 현재 현금흐름이 필요하다면 배당투자가, 장기적으로 큰 수익을 노린다면 성장투자가 유리할 수 있습니다. 나이, 투자목적, 위험성향에 따라 적절한 비율로 섞어서 투자하는 것이 좋아요."
배당,배당 삭감이 주가에 미치는 영향은?,부정적 영향이 크다,긍정적 영향이 크다,1,고급,"배당 삭감은 일반적으로 주가에 부정적 영향을 미칩니다. 회사의 실적 악화나 현금흐름 문제를 시사하기 때문이에요. 또한 배당 투자자들이 주식을 매도할 가능성이 높아져 주가 하락 압력이 커집니다. 단, 미래 성장을 위한 전략적 선택이라면 장기적으로는 긍정적일 수도 있어요."
배당,배당주의 계절성 효과란?,연말연초 수요 증가,여름철 수요 증가,1,응용,"배당주는 보통 연말연초에 수요가 증가하는 계절성을 보입니다. 연말 배당 확정과 신년 투자 계획 수립 시기가 겹치기 때문이에요. 또한 배당락 이전에 매수 수요가 몰리는 경우도 많습니다. 이러한 패턴을 이해하고 투자 타이밍을 조절하면 더 유리한 가격에 매수할 수 있어요."
배당,REITs 투자 시 주의사항은?,금리 변동 위험,임대료 변동 위험,1,고급,"REITs 투자 시 가장 주의해야 할 것은 금리 변동 위험입니다. 금리가 오르면 REITs의 상대적 매력이 떨어지고, 차입비용 증가로 수익성이 악화될 수 있어요. 또한 부동산 경기 변동이나 임대율 하락도 배당에 영향을 미칠 수 있으니 부동산 시장 동향을 잘 살펴봐야 합니다."
심리/매크로,투자심리지수란 무엇인가요?,시장 참가자들의 감정 상태,기업들의 실적 전망,1,초급,"투자심리지수는 시장 참가자들이 얼마나 낙관적이거나 비관적인지를 수치로 나타낸 지표입니다. 설문조사나 시장 데이터를 종합해서 만들어요. 투자심리가 과도하게 낙관적일 때는 조정 위험이, 과도하게 비관적일 때는 반등 가능성이 높아집니다."
심리/매크로,공포탐욕지수는 무엇을 측정하나요?,시장 참가자들의 심리 상태,기업들의 실적 변화,1,응용,"공포탐욕지수는 시장 참가자들의 심리 상태를 0-100점으로 수치화한 지표입니다. 0에 가까우면 극도의 공포, 100에 가까우면 극도의 탐욕을 의미해요. 역발상 지표로 활용되어 극도의 공포일 때 매수, 극도의 탐욕일 때 매도를 고려합니다."
심리/매크로,VIX 지수가 높다는 것은?,시장 불안감이 크다,주가가 많이 올랐다,1,고급,"VIX(공포지수)는 S&P500 옵션에서 계산되는 변동성 지수로, 높을수록 시장 불안감이 크다는 의미입니다. 보통 20 이하면 안정, 30 이상이면 고변동성 상태예요. 역발상 지표로 활용해 VIX가 높을 때 매수, 낮을 때 매도 관망하는 전략을 쓸 수 있어요."
심리/매크로,금리 인상이 주식시장에 미치는 영향은?,주가 하락 압력,주가 상승 압력,1,초급,"금리 인상은 일반적으로 주식시장에 부정적 영향을 미칩니다. 예금금리 상승으로 주식 대비 상대적 매력이 떨어지고, 기업 차입비용 증가로 실적 악화 우려가 커져요. 특히 부채가 많은 기업이나 성장주에 타격이 큽니다."
심리/매크로,인플레이션이 주식에 미치는 영향은?,기업마다 다르다,항상 부정적이다,1,응용,"인플레이션이 주식에 미치는 영향은 기업마다 다릅니다. 가격 전가력이 있는 기업은 매출과 이익이 함께 늘어나 유리하지만, 원자재 비중이 높은 기업은 원가 상승으로 마진이 악화될 수 있어요."
심리/매크로,경기선행지수가 하락한다는 것은?,향후 경기 둔화 신호,현재 경기 과열 신호,1,고급,"경기선행지수는 3-6개월 후 경기를 예측하는 지표로, 하락은 향후 경기 둔화를 예고합니다. 주가, 건축허가, 소비자기대지수 등으로 구성돼요. 주식투자 시 선행지수 추이를 보고 경기 사이클을 예측해 섹터 로테이션 전략을 짤 수 있어요."
심리/매크로,달러 강세가 한국 주식시장에 미치는 영향은?,외국인 자금 유출 우려,외국인 자금 유입 기대,1,응용,"달러 강세는 한국 주식시장에 부정적 영향을 미치는 경우가 많습니다. 상대적으로 원화 자산의 매력이 떨어져 외국인 자금이 유출될 수 있어요. 또한 원자재 가격 상승으로 인플레이션 압력도 커집니다. 다만 수출기업에는 환율 상승으로 인한 수익 개선 효과도 있습니다."
심리/매크로,유가 상승이 주식시장에 미치는 영향은?,업종별로 차별적 영향,모든 기업에 동일한 영향,1,고급,"유가 상승은 업종별로 차별적 영향을 미칩니다. 정유, 조선, 해운업은 유리하지만 항공, 화학, 운송업은 불리해요. 전체적으로는 인플레이션 압력으로 작용해 금리 인상 우려를 높일 수 있어요."
심리/매크로,중앙은행의 양적완화 정책이 주식에 미치는 효과는?,유동성 증가로 주가 상승,금리 상승으로 주가 하락,1,초급,"양적완화(QE)는 중앙은행이 국채나 회사채를 매입해 시중에 자금을 공급하는 정책으로, 유동성 증가로 주가 상승을 유도합니다. 풍부한 유동성이 주식시장으로 유입되고, 낮은 금리로 기업 자금조달 부담도 줄어들어 전반적으로 주식시장에 호재가 됩니다."
심리/매크로,국가신용등급 하락의 주식시장 영향은?,외국인 투자자금 유출,국내 투자자금 증가,1,응용,"국가신용등급 하락은 해당 국가의 투자 위험이 커졌다는 신호로, 외국인 투자자금 유출을 유발할 수 있습니다. 신용등급 하락 시 국가 리스크 프리미엄이 상승하고, 해외 자금조달 비용도 증가해 경제 전반에 부정적 영향을 미칩니다."
심리/매크로,지정학적 리스크가 높아지면?,안전자산 선호 현상,위험자산 선호 현상,1,고급,"지정학적 리스크(전쟁, 테러, 국제갈등 등) 증가 시에는 투자자들이 안전자산을 선호하는 현상이 나타납니다. 주식보다는 국채, 금, 달러 등으로 자금이 이동해요. 불확실성이 커질수록 투자자들은 위험을 회피하려 하므로 주식시장에는 부정적 영향을 미칩니다."
심리/매크로,경기 사이클에서 금융주가 먼저 오르는 이유는?,금리 상승 기대감,규제 완화 기대감,1,응용,"경기 회복 초기에 금융주가 먼저 오르는 이유는 경기 개선으로 인한 금리 상승 기대감 때문입니다. 금리가 오르면 은행의 순이자마진이 개선되어 수익성이 높아져요. 또한 경기 회복으로 대출 수요 증가와 연체율 감소도 기대할 수 있어요."
심리/매크로,소비자 심리지수가 투자에 중요한 이유는?,소비 증감을 미리 예측,정부 정책 방향을 알려줌,1,고급,"소비자 심리지수는 일반 소비자들의 경기 체감도와 소비 의향을 조사한 지표로, 향후 소비 증감을 미리 예측할 수 있어 중요합니다. 소비는 GDP의 약 50%를 차지하므로 경기에 미치는 영향이 커요. 소비관련주 투자 시 참고할 만한 선행지표입니다."
심리/매크로,기업 투자심리지수의 의미는?,기업들의 투자 계획,기업들의 현재 실적,1,초급,"기업 투자심리지수(BSI)는 기업들의 향후 투자 계획과 경기 전망을 조사한 지표입니다. 100을 기준으로 그 이상이면 낙관, 이하면 비관을 의미해요. 기업 투자가 늘어나면 관련 장비, 건설, IT 업종에 호재가 되므로 섹터 로테이션 전략 수립에 참고할 수 있어요."
심리/매크로,환율 변동이 수출기업에 미치는 영향은?,원화 약세 시 수익 개선,원화 강세 시 수익 개선,1,응용,"원화 약세는 수출기업에 유리하고, 원화 강세는 불리합니다. 같은 달러 매출도 원화로 환산하면 더 많은 수익이 되기 때문이에요. 반대로 원자재를 수입하는 기업은 원화 약세 시 비용 부담이 커져 불리해집니다. 환율 변동은 기업마다 다른 영향을 미쳐요."
심리/매크로,PMI 지수가 50 이상이라는 것은?,제조업 확장,제조업 위축,1,고급,"PMI(구매관리자지수)는 제조업체 구매담당자들을 대상으로 한 경기 체감 조사로, 50을 기준으로 그 이상은 확장, 이하는 위축을 의미합니다. 경기 선행성이 높아서 제조업 관련주나 전체 시장 방향성을 예측하는 데 활용됩니다. 3개월 연속 50 이상 또는 이하일 때 추세가 확실해진다고 봅니다."
심리/매크로,시장 변동성이 높을 때 투자 전략은?,분할매수와 현금 비중 확대,일괄매수와 레버리지 확대,1,초급,"시장 변동성이 높을 때는 한 번에 큰 금액을 투자하지 말고 분할매수를 하고, 현금 비중을 늘려 안전성을 확보하는 것이 좋습니다. 변동성이 클 때는 좋은 주식도 크게 떨어질 수 있어 인내심을 갖고 기회를 기다려야 해요."
심리/매크로,군중심리가 투자에 미치는 부정적 영향은?,비합리적 의사결정 증가,정보 공유 효과 증대,1,응용,"군중심리는 개인의 합리적 판단을 흐리게 해서 비합리적 의사결정을 증가시킵니다. 모든 사람이 사면 따라서 사고, 팔면 따라서 파는 현상이 나타나요. 이는 버블 형성과 붕괴의 주요 원인이 되며, 성공적인 투자를 위해서는 군중심리에 휩쓸리지 않는 독립적 사고가 중요합니다."
심리/매크로,확증편향이 투자에 미치는 영향은?,자신에게 유리한 정보만 수집,객관적 분석 능력 향상,1,고급,"확증편향은 자신의 기존 믿음을 뒷받침하는 정보만 찾고 반대 정보는 무시하는 심리적 편향입니다. 투자에서는 매수한 주식의 호재만 찾고 악재는 외면하게 만들어요. 이를 극복하려면 의도적으로 반대 의견도 찾아보고, 객관적인 데이터에 기반해 판단해야 합니다."투자지표,Working Capital이 음수라는 것은?,단기 자금 압박,장기 투자 증가,1,응용,"Working Capital = 유동자산-유동부채입니다. 음수면 1년 내 갚을 돈이 1년 내 받을 돈보다 많다는 뜻이에요. 현금흐름 관리가 중요해지며, 단기 자금조달 압박을 받을 수 있습니다."
투자지표,Free Cash Flow가 중요한 이유는?,실제 현금 창출력 측정,회계 이익보다 조작 어려움,1,고급,"FCF = 영업현금흐름-자본지출입니다. 실제로 기업이 창출하는 여유 현금을 보여줘요. 회계 조작이 어려워 신뢰성이 높고, 배당이나 자사주 매입의 재원이 됩니다. 기업의 진짜 현금 창출력을 평가하는 핵심 지표예요."
차트/기술,이동평균선이란 무엇인가요?,일정 기간 주가의 평균,최고가와 최저가의 평균,1,초급,"이동평균선은 일정 기간 동안의 주가를 평균 낸 선입니다. 예: 5일 이동평균선은 최근 5일간 주가의 평균이에요. 주가의 단기 변동을 평활화해서 전체적인 추세를 파악하는 데 도움이 됩니다."
차트/기술,골든크로스가 나타나면 보통 어떻게 해석하나요?,상승 추세 전환 신호,하락 추세 지속 신호,1,응용,"골든크로스는 단기 이동평균선이 장기 이동평균선을 아래서 위로 뚫고 올라가는 현상입니다. 상승 추세 전환을 의미하는 매수 신호로 해석되어요. 거래량 증가와 함께 나타날 때 신뢰도가 높아집니다."
차트/기술,데드크로스는 어떤 의미인가요?,하락 추세 전환 신호,상승 추세 지속 신호,1,응용,"데드크로스는 단기 이동평균선이 장기 이동평균선을 위에서 아래로 뚫고 내려가는 현상입니다. 하락 추세 전환을 의미하는 매도 신호예요. 하지만 단기 조정일 수도 있으니 다른 지표와 함께 판단해야 합니다."
차트/기술,지지선의 역할은 무엇인가요?,주가 하락을 막는 바닥 역할,주가 상승을 막는 천장 역할,1,초급,"지지선은 주가가 하락하다가 반등하는 가격대를 연결한 선입니다. 매수세가 강해져 더 이상 떨어지지 않는 바닥 역할을 해요. 투자자들이 '이 가격에선 싸다'고 생각해서 매수하는 심리적 기준선입니다."
차트/기술,저항선은 어떻게 활용하나요?,매도 관망 or 돌파 시 매수,항상 매수 기준점,1,응용,"저항선은 주가가 상승하다가 막히는 가격대입니다. 매도 물량이 많아 더 이상 오르지 못하는 천장 역할을 해요. 저항선 접근 시 매도 관망하고, 돌파 시에는 강한 상승 신호로 매수를 고려할 수 있습니다."
차트/기술,일목균형표의 구름대는 어떤 역할을 하나요?,미래 지지저항선 역할,과거 주가 기록,1,고급,"구름대는 선행스팬 A와 B 사이 영역으로, 미래의 지지저항선 역할을 합니다. 현재보다 26일 앞서 그려져 미래 지지저항을 예측해요. 구름 위에 있으면 강세, 아래에 있으면 약세로 봅니다."
차트/기술,거래량을 함께 보는 이유는?,신호의 신뢰도를 높이기 위해,차트 패턴을 예쁘게 만들기 위해,1,초급,"거래량은 주가 움직임의 힘을 보여주는 지표입니다. 주가 상승 시 거래량도 늘어나면 많은 투자자가 참여한다는 뜻이라 신뢰도가 높아져요. 거래량 없는 움직임은 일시적일 가능성이 큽니다."
차트/기술,캔들의 긴 꼬리는 무엇을 의미하나요?,그 방향으로 큰 움직임이 있었다,단순한 차트 오류,1,응용,"캔들의 꼬리는 장중 최고가나 최저가를 나타냅니다. 긴 아래꼬리는 크게 떨어졌다가 회복되었다는 뜻이고, 긴 위꼬리는 크게 올랐다가 다시 내려왔다는 뜻이에요. 투자자들의 심리 변화를 보여줍니다."
차트/기술,갭이 발생하는 이유는?,중요한 호재나 악재 때문,차트 프로그램 오류,1,고급,"갭은 전일 종가와 당일 시가 사이에 가격 공백이 생기는 현상입니다. 장 마감 후 중요한 뉴스나 실적 발표로 투자심리가 급변할 때 나타나요. 갭은 보통 메워지려는 성향이 있어서 갭 매매 전략으로 활용됩니다."
차트/기술,RSI가 70 이상이면 어떻게 해석하나요?,과매수 구간,적정 매수 구간,1,응용,"RSI(상대강도지수)는 0-100 사이 값으로 과매수/과매도를 판단하는 지표입니다. 70 이상이면 과매수로 매도 고려, 30 이하면 과매도로 매수를 고려해요. 하지만 강한 추세에서는 과매수 상태가 오래 지속될 수 있습니다."
차트/기술,MACD 신호선과 MACD선의 관계는?,매매 타이밍을 알려준다,단순한 기술적 계산,1,고급,"MACD는 단기와 장기 지수이동평균의 차이이고, 신호선은 MACD의 이동평균선입니다. MACD선이 신호선을 상향 돌파하면 매수 신호, 하향 돌파하면 매도 신호예요."
차트/기술,스토캐스틱의 %K와 %D 교차는 무엇을 의미하나요?,단기 모멘텀 변화,장기 추세 변화,1,응용,"스토캐스틱은 최근 n일간 최고가-최저가 범위에서 현재가의 위치를 나타내는 지표입니다. 빠른선 %K가 느린선 %D를 상향 교차하면 매수 신호, 하향 교차하면 매도 신호예요."
차트/기술,볼린저 밴드의 밴드폭이 좁아진다는 것은?,변동성이 줄어든다,거래량이 줄어든다,1,초급,"볼린저 밴드는 이동평균선 위아래로 표준편차를 더한 선입니다. 밴드폭이 좁아진다는 것은 주가 변동성이 줄어든다는 뜻이에요. 보통 큰 움직임 전 수축기에 나타나는 현상입니다."
차트/기술,피봇 포인트는 어떻게 활용하나요?,당일 지지저항선 계산,주간 추세 분석,1,고급,"피봇 포인트 = (전일 고가+저가+종가)÷3으로 계산되는 당일 기준선입니다. 여기서 지지선과 저항선을 도출해 당일 매매에 활용해요. 단기 트레이딩에 유용한 기법입니다."
차트/기술,엘리어트 파동의 기본 구조는?,5파 상승 + 3파 조정,3파 상승 + 5파 조정,1,고급,"엘리어트 파동 이론은 시장이 5파 상승-3파 조정을 반복한다는 이론입니다. 상승 5파는 1,3,5파가 추진파, 2,4파가 조정파예요. 하락 3파는 A,C파가 하락, B파가 반등입니다."
차트/기술,하모닉 패턴에서 가장 유명한 것은?,가트리 패턴,삼각수렴 패턴,1,고급,"가트리 패턴은 특정 피보나치 비율로 형성되는 하모닉 패턴의 대표격입니다. XA-AB-BC-CD 구간이 정해진 비율을 만족할 때 가트리 패턴으로 봐요. D 지점에서 반전 가능성이 높아집니다."
차트/기술,컵 앤 핸들 패턴은 어떤 의미인가요?,장기 상승 돌파 패턴,단기 조정 패턴,1,응용,"컵 앤 핸들은 컵 모양의 둥근 바닥을 형성한 후 작은 조정을 거쳐 돌파하는 강세 패턴입니다. 보통 몇 개월에 걸쳐 형성되며, 돌파 시 컵의 깊이만큼 상승한다고 봐요."
차트/기술,헤드 앤 숄더 패턴의 특징은?,상승 추세 마무리 신호,하락 추세 마무리 신호,1,고급,"헤드 앤 숄더는 머리와 양쪽 어깨 모양으로 3개의 고점을 만드는 상승 추세 마무리 패턴입니다. 가운데 고점이 가장 높고, 양쪽 고점이 비슷한 수준을 형성해요. 넥라인 하향 돌파 시 본격적인 하락 신호입니다."
차트/기술,더블탑과 더블바텀의 차이는?,고점 vs 저점에서 형성,시간 간격이 다르다,1,응용,"더블탑은 비슷한 고점을 2번 터치한 후 하락하는 상승 마무리 패턴이고, 더블바텀은 비슷한 저점을 2번 터치한 후 상승하는 하락 마무리 패턴입니다. 두 번째 터치에서 첫 번째와 같은 수준을 뚫지 못할 때 완성돼요."
차트/기술,삼각수렴 패턴에서 중요한 것은?,돌파 방향과 거래량,패턴의 완성도,1,초급,"삼각수렴은 고점은 낮아지고 저점은 높아지면서 변동폭이 줄어드는 패턴입니다. 돌파 방향이 중요한데, 이전 추세 방향으로 돌파될 가능성이 높아요. 돌파 시점에서 거래량 급증이 신뢰성을 높입니다."
차트/기술,깃발 패턴은 언제 나타나나요?,급등 후 소폭 조정 시,급락 후 소폭 반등 시,1,고급,"깃발 패턴은 급격한 움직임 후 소폭 조정하는 모습이 깃발 같다고 해서 붙은 이름입니다. 강한 상승 후 소폭 하락하며 형성되는 상승 깃발과, 강한 하락 후 소폭 상승하며 형성되는 하락 깃발이 있어요."
차트/기술,웨지 패턴의 특징은?,추세와 반대로 기울어진다,추세와 같은 방향으로 기울어진다,1,응용,"웨지 패턴은 삼각수렴과 비슷하지만 전체적으로 한쪽으로 기울어진 형태입니다. 상승 웨지는 상승하면서 수렴하는데 보통 하락 신호이고, 하락 웨지는 하락하면서 수렴하는데 상승 신호예요."
차트/기술,갭의 종류 중 측정갭의 의미는?,추세 중간 지점 확인,추세 시작점 확인,1,고급,"측정갭은 강한 추세 중간에 나타나는 갭으로, 전체 움직임의 중간 지점을 알려준다고 해서 붙은 이름입니다. 추세의 힘이 강할 때 나타나며 갭이 메워지지 않고 지지/저항 역할을 합니다."
차트/기술,소진갭은 무엇을 의미하나요?,추세 마무리 신호,추세 가속화 신호,1,응용,"소진갭은 긴 추세의 막바지에 나타나는 마지막 갭으로, 추세 마무리를 알리는 신호입니다. 거래량이 급증하지만 이후 추세가 꺾이는 특징이 있어요. 소진갭은 빠르게 메워지는 경우가 많습니다."
차트/기술,추세선을 그릴 때 필요한 최소 접점은?,2개,3개,1,초급,"추세선을 그리려면 최소 2개의 접점이 필요합니다. 상승 추세선은 2개 이상의 저점을, 하락 추세선은 2개 이상의 고점을 연결해서 그어요. 3개째 접점에서 확인되면 추세선의 신뢰도가 더욱 높아집니다."
차트/기술,추세선 돌파의 유효성을 확인하는 방법은?,거래량 급증과 종가 확인,단순히 가격만 돌파,1,고급,"추세선 돌파의 유효성을 확인하려면 거래량 급증과 함께 종가 기준으로 돌파해야 해요. 장중 일시적 돌파는 속임수일 가능성이 높습니다. 또한 돌파 후 재차 테스트에서 지지나 저항 역할을 하는지도 확인해야 합니다."
시장상식,주식시장이란 무엇인가요?,주식을 사고파는 곳,회사가 자금을 조달하는 곳,1,초급,"주식시장은 투자자들이 주식을 자유롭게 사고팔 수 있는 거래 장소입니다. 한국에는 코스피와 코스닥 시장이 있어요. 기업은 자금조달을, 투자자는 투자수익을 얻을 수 있는 자본주의의 핵심 기구입니다."
시장상식,불장은 어떤 시장 상황을 말하나요?,지속적인 상승장,지속적인 하락장,1,초급,"불장(Bull Market)은 주식시장이 지속적으로 상승하는 시기를 말합니다. 황소가 뿔로 위로 들이받는 모습에서 유래했어요. 보통 20% 이상 상승하고 수개월 지속되면 불장으로 봅니다."
시장상식,곰장은 언제 나타나나요?,경기침체 우려 시,경기호황 기대 시,1,응용,"곰장(Bear Market)은 주식시장이 지속적으로 하락하는 시기입니다. 보통 고점 대비 20% 이상 하락하고 수개월 지속되면 곰장으로 봅니다. 경기침체, 금리인상, 지정학적 위험 등이 원인이 됩니다."
시장상식,공매도는 어떤 투자방법인가요?,주가 하락을 노리는 투자,주가 상승을 노리는 투자,1,고급,"공매도는 보유하지 않은 주식을 빌려서 먼저 팔고, 나중에 싸게 사서 갚는 투자전략입니다. 주가 하락을 예상할 때 사용해요. 하지만 주가가 오르면 손실이 무한대로 커질 수 있어 위험합니다."
시장상식,신용거래란 무엇인가요?,증권사에서 돈을 빌려 투자,은행에서 대출받아 투자,1,응용,"신용거래는 증권사에서 돈이나 주식을 빌려서 투자하는 방법입니다. 신용매수는 돈을 빌려서 주식을 사는 것이고, 신용매도는 주식을 빌려서 파는 것이에요. 수익은 확대되지만 손실도 커질 수 있습니다."
시장상식,프로그램매매가 시장에 미치는 영향은?,단기 변동성 확대,장기 추세 형성,1,고급,"프로그램매매는 컴퓨터 알고리즘에 의한 자동 거래로, 빠른 속도로 대량 거래가 이뤄져 단기 변동성을 크게 확대시킬 수 있어요. 급락 시 프로그램 매도가 연쇄적으로 터지면서 폭락을 가속화하기도 합니다."
시장상식,외국인 투자자의 매매 패턴 특징은?,장기 관점에서 투자,단기 차익거래 위주,1,응용,"외국인 투자자들은 일반적으로 장기적 관점에서 기업 가치를 보고 투자하는 경향이 있습니다. 펀더멘털 분석을 중시하고 배당수익률도 고려해요. 대규모 자금으로 시장에 큰 영향을 미칩니다."
시장상식,기관투자자와 개인투자자의 차이점은?,전문성과 정보력,투자 가능 금액,1,초급,"기관투자자는 전문 인력과 시스템을 갖춘 투자 전문기관으로, 개인투자자보다 정보력과 분석 능력이 뛰어납니다. 연기금, 보험회사, 자산운용사 등이 여기에 해당해요. 개인투자자는 소액으로 빠른 의사결정이 가능한 장점이 있어요."
시장상식,ETF의 가장 큰 장점은?,소액으로 분산투자 가능,개별 종목보다 높은 수익,1,초급,"ETF는 소액으로도 다양한 종목에 분산투자할 수 있는 것이 가장 큰 장점입니다. 예: KODEX 200 ETF 하나로 코스피200 전체에 투자하는 효과를 얻을 수 있어요. 거래비용이 낮고 실시간 거래가 가능합니다."
시장상식,시가총액 가중지수의 특징은?,큰 회사의 영향력이 크다,모든 회사가 동일한 영향력을 갖는다,1,응용,"시가총액 가중지수는 각 종목의 시가총액에 비례해서 가중치를 부여하는 방식입니다. 시총이 큰 종목일수록 지수에 미치는 영향이 커요. 코스피에서 삼성전자가 20% 이상의 비중을 차지하는 것이 대표적인 예입니다."
시장상식,코스피와 코스닥의 차이점은?,상장 기준이 다르다,거래 시간이 다르다,1,초급,"코스피는 대기업 중심의 주 시장이고, 코스닥은 중소기업과 벤처기업 중심의 보조 시장입니다. 코스피는 상장 기준이 까다로워 안정성을 중시하고, 코스닥은 성장 가능성을 중시해요. 일반적으로 코스닥이 변동성이 더 큽니다."
시장상식,IPO란 무엇의 줄임말인가요?,기업공개,투자자보호,1,초급,"IPO(Initial Public Offering)는 기업이 처음으로 주식을 공개하여 거래소에 상장하는 것을 말합니다. 비상장 기업이 일반 투자자들에게 주식을 판매해 자금을 조달하는 과정이에요."
시장상식,액면분할을 하는 주된 이유는?,투자 접근성 개선,주주 수 증가,1,응용,"액면분할은 1주를 여러 주로 나누어 주가를 낮추는 것으로, 가장 큰 목적은 투자 접근성을 개선하는 것입니다. 시가총액은 그대로지만 주가가 낮아져서 소액투자자도 더 쉽게 투자할 수 있어요."
시장상식,주식병합은 언제 하나요?,주가가 너무 낮을 때,주가가 너무 높을 때,1,고급,"주식병합은 여러 주를 1주로 합치는 것으로, 주가가 너무 낮아서 투자 매력이 떨어지거나 투기성이 높아질 때 실시합니다. 상장폐지 위험이 있거나 저가주 이미지를 벗고 싶을 때 활용합니다."
시장상식,우선주와 보통주의 차이점은?,배당에서 우선권이 있다,의결권에서 우선권이 있다,1,응용,"우선주는 배당이나 잔여재산 분배에서 보통주보다 우선권을 갖는 주식입니다. 배당을 먼저 받지만, 의결권은 없거나 제한적이에요. 보통 보통주보다 주가가 낮게 형성되며, 안정적인 배당수익을 원하는 투자자가 선호합니다."
시장상식,증자의 종류 중 유상증자란?,돈을 받고 신주 발행,무료로 신주 발행,1,초급,"유상증자는 기존 주주나 일반 투자자로부터 돈을 받고 신주를 발행하는 것입니다. 회사가 사업 확장이나 재무구조 개선을 위해 자금을 조달할 때 사용해요. 전체 주식수가 늘어나므로 지분 희석 효과가 발생합니다."
시장상식,무상증자의 효과는?,주식수는 늘고 주가는 하락,총 투자금액 증가,1,고급,"무상증자는 이익잉여금이나 자본잉여금으로 신주를 무료 지급하는 것입니다. 주식수는 늘어나지만 총 시가총액은 그대로라서 주가는 하락해요. 투자자의 총 투자금액은 변하지 않지만, 낮아진 주가로 인해 투자 접근성이 개선됩니다."
시장상식,자사주 매입의 목적은?,주주가치 제고,경영권 분산,1,응용,"자사주 매입은 회사가 시장에서 자기 주식을 사들이는 것으로, 주주가치 제고가 주된 목적입니다. 시장에 유통되는 주식수를 줄여 주가 상승 효과를 노리거나, 잉여현금을 주주에게 돌려주는 의미가 있어요."
시장상식,감자는 어떤 의미인가요?,자본금 감소,자본금 증가,1,고급,"감자는 자본금을 줄이는 것으로, 유상감자와 무상감자로 나뉩니다. 유상감자는 주주에게 돈을 주고 주식을 회수하는 것이고, 무상감자는 적자 보전을 위해 주식수를 강제로 줄이는 것이에요."
시장상식,스팩이란 무엇인가요?,특수목적인수회사,소규모공개회사,1,고급,"SPAC(Special Purpose Acquisition Company)는 기업 인수를 목적으로만 설립되는 특수목적회사입니다. 사업이 없는 페이퍼컴퍼니로 상장해서 자금을 모은 후, 유망한 비상장 기업을 인수합병하는 구조예요."
시장상식,리츠의 특징은?,부동산에 간접투자,부동산에 직접투자,1,응용,"리츠(REITs)는 부동산에 간접투자할 수 있는 상품입니다. 투자자들로부터 자금을 모아 오피스빌딩, 쇼핑몰 등에 투자하고 임대수익을 배당으로 지급해요. 소액으로도 부동산 투자가 가능하고 높은 배당수익률이 장점입니다."
시장상식,CB란 무엇인가요?,주식으로 전환 가능한 채권,회사채의 다른 이름,1,고급,"CB(Convertible Bond)는 일정한 조건 하에서 주식으로 전환할 수 있는 채권입니다. 평상시에는 이카테고리,퀴즈,보기1,보기2,정답,레벨,힌트
투자지표,PER이란 무엇의 줄임말인가요?,주가수익비율,주가매출비율,1,초급,"PER(Price Earnings Ratio)는 주가수익비율입니다. 현재 주가가 주당순이익의 몇 배인지 보여주는 가장 기본적인 투자지표예요. 예: 주가 50000원, EPS 2500원이면 PER 20배입니다. 투자의 기본 개념이므로 반드시 알아두세요."
투자지표,PER이 업계 평균보다 낮으면 보통 어떤 의미일까요?,상대적으로 저평가일 수 있다,항상 고평가 신호다,1,응용,"PER = 주가÷주당순이익입니다. 업계 평균보다 낮으면 같은 이익 대비 주가가 저렴하다는 뜻이에요. 예: 삼성전자 PER 10배, 업계평균 15배면 상대적 저평가 가능성 있어요. 단, 실적 악화로 낮을 수도 있으니 다른 지표와 함께 확인하세요."
투자지표,Forward PER과 Trailing PER의 차이는?,미래 예상 이익 vs 과거 실적,시가총액 기준이 다르다,1,고급,"Trailing PER = 현재 주가÷과거 12개월 EPS이고, Forward PER = 현재 주가÷향후 12개월 예상 EPS입니다. Forward PER이 더 미래지향적이지만 예상치에 의존하므로 불확실성이 커요. 전문 투자자들이 주로 활용하는 분석 방법입니다."
투자지표,PBR이란 무엇인가요?,주가순자산비율,주가부채비율,1,초급,"PBR(Price to Book Ratio)는 주가순자산비율입니다. 현재 주가가 주당순자산의 몇 배인지 보여주는 기본 지표예요. 예: 주가 10000원, BPS 8000원이면 PBR 1.25배입니다. 1 미만이면 장부가치보다 싸게 거래된다는 뜻이에요."
투자지표,PBR이 1 미만이면 보통 어떤 뜻일까요?,순자산가치보다 싸게 거래될 수 있다,항상 프리미엄 상태다,1,응용,"PBR = 주가÷주당순자산입니다. 1 미만이면 청산가치보다 싸게 거래된다는 뜻이에요. 예: 현대차 PBR 0.8배면 순자산 1만원당 8천원에 살 수 있다는 의미예요. 하지만 사업 전망 부진일 수도 있으니 주의하세요."
투자지표,PBR이 높은 기업을 볼 때 함께 봐야 할 지표는?,ROE 등 수익성 지표,배당락 여부,1,고급,"높은 PBR은 자산 대비 비싸다는 뜻이지만, ROE가 높으면 정당화될 수 있어요. ROE = 순이익÷자기자본으로 자본 효율성을 보여줍니다. 예: 카카오 PBR 3배, ROE 15%면 높은 수익성이 높은 PBR을 뒷받침할 수 있어요."
투자지표,ROE란 무엇인가요?,자기자본이익률,총자산이익률,1,초급,"ROE(Return on Equity)는 자기자본이익률입니다. 주주가 투자한 돈으로 얼마나 이익을 냈는지 보여주는 지표예요. ROE = 순이익÷자기자본×100으로 계산합니다. 기업의 수익성을 나타내는 핵심 지표 중 하나입니다."
투자지표,ROE가 높다는 건 무엇을 잘한다는 뜻일까요?,자본을 효율적으로 굴린다,부채를 전혀 쓰지 않는다,1,응용,"ROE(자기자본이익률) = 순이익÷자기자본×100입니다. 주주 투자금으로 얼마나 많은 이익을 냈는지 보여주는 핵심 지표예요. 일반적으로 10% 이상이면 우수합니다. 하지만 부채 비중도 함께 확인해야 정확한 판단이 가능해요."
투자지표,듀폰 분석에서 ROE 분해 공식은?,ROE = 순이익률 × 자산회전율 × 자기자본승수,ROE = PER × PBR,1,고급,"듀폰 분석은 ROE = 순이익률 × 자산회전율 × 자기자본승수로 분해하는 방법입니다. 수익성, 효율성, 레버리지 요소를 각각 분석할 수 있어요. 예: ROE 15% = 5%(순이익률) × 2.0(자산회전율) × 1.5(자기자본승수)로 분해 가능합니다."
투자지표,ROA란 무엇인가요?,총자산이익률,자기자본이익률,1,초급,"ROA(Return on Assets)는 총자산이익률입니다. 기업이 보유한 모든 자산으로 얼마나 이익을 내는지 보여주는 지표예요. ROA = 순이익÷총자산×100으로 계산합니다. 자산 활용 효율성을 나타내는 기본 지표입니다."
투자지표,ROA가 의미하는 것은 무엇인가요?,총자산 대비 수익성,매출액 증가율,1,응용,"ROA(총자산이익률) = 순이익÷총자산×100입니다. 기업이 보유한 모든 자산으로 얼마나 효율적으로 이익을 내는지 보여줍니다. 예: 총자산 1000억, 순이익 50억이면 ROA 5%예요. 일반적으로 5% 이상이면 양호한 수준입니다."
투자지표,ROIC는 무엇을 측정하는 지표인가요?,투자자본 대비 수익률,주주자본 대비 배당률,1,고급,"ROIC(투하자본이익률) = 세후영업이익÷투하자본입니다. 기업이 투자한 자본으로 얼마나 효율적으로 이익을 내는지 보여줍니다. 투하자본 = 자기자본+차입금-현금입니다. 자본비용보다 높아야 가치를 창출한다고 봅니다."
투자지표,부채비율이란 무엇인가요?,부채÷자기자본×100,부채÷총자산×100,1,초급,"부채비율 = 부채÷자기자본×100입니다. 자기자본 대비 부채가 얼마나 되는지 보여주는 기본 재무지표예요. 예: 자기자본 100억, 부채 200억이면 부채비율 200%입니다. 기업의 재무 안전성을 판단하는 중요한 지표입니다."
투자지표,부채비율이 높으면 어떤 위험이 있나요?,금리 상승 시 이자부담 증가,항상 좋은 신호다,1,응용,"부채비율이 높을수록 차입금이 많다는 뜻이에요. 금리 상승 시 이자부담이 늘어나 실적 악화 가능성이 커집니다. 예: 부채비율 200%인 기업이 금리 1% 상승하면 이자비용이 크게 증가해요. 보통 100% 이하가 안전합니다."
투자지표,이자보상배수가 낮으면 어떤 의미인가요?,이자 지급 부담이 크다,배당금이 많다,1,고급,"이자보상배수 = 영업이익÷이자비용입니다. 영업이익으로 이자비용을 몇 배나 감당할 수 있는지 보여줍니다. 낮을수록 이자 부담이 크고 재무 안정성이 취약함을 의미합니다. 3배 이상은 되어야 안전하다고 봅니다."
투자지표,유동비율은 무엇을 측정하나요?,단기 지급능력,장기 성장성,1,초급,"유동비율 = 유동자산÷유동부채×100입니다. 1년 내 갚을 빚 대비 1년 내 현금화할 수 있는 자산 비율이에요. 기업의 단기 지급능력을 보여주는 기본 지표입니다. 일반적으로 200% 이상이면 안전하다고 봅니다."
투자지표,유동비율과 당좌비율의 차이점은?,재고자산 포함 여부,계산 기간의 차이,1,응용,"유동비율은 유동자산 전체를, 당좌비율은 유동자산에서 재고자산을 뺀 값을 사용합니다. 당좌비율이 더 엄격한 유동성 지표예요. 예: 유동자산 100억(재고 30억 포함), 유동부채 50억이면 유동비율 200%, 당좌비율 140%입니다."
투자지표,순운전자본은 무엇을 뜻하나요?,운영자금 소요액,현금 보유액,1,고급,"순운전자본 = (매출채권+재고자산)-(매입채무+기타운전부채)입니다. 사업 운영에 필요한 실질 자금 소요액을 보여줍니다. 클수록 현금 부담이 크다는 의미입니다. 운전자본 효율성을 분석하는 고급 지표예요."
투자지표,매출총이익률은 무엇을 나타내나요?,원가관리 효율성,판매량 규모,1,초급,"매출총이익률 = (매출액-매출원가)÷매출액×100입니다. 원가를 얼마나 잘 관리하는지 보여주는 지표예요. 예: 매출 100억, 원가 60억이면 매출총이익률 40%입니다. 기업의 기본 수익성을 나타냅니다."
투자지표,영업이익률은 무엇을 나타내나요?,본업의 수익성,총 매출액,1,응용,"영업이익률 = 영업이익÷매출액×100입니다. 기업의 본업에서 나는 수익성을 보여주는 핵심 지표예요. 예: 매출 1000억, 영업이익 100억이면 영업이익률 10%입니다. 5% 이상이면 양호하고, 업종별 특성을 고려해 판단해야 합니다."
투자지표,EBITDA는 무엇을 뜻하나요?,세전영업이익+감가상각비,세후순이익,1,고급,"EBITDA = 영업이익+감가상각비+무형자산상각비입니다. 현금 창출력을 보여주는 지표로, 비현금 비용을 제외한 실질 수익력을 나타내요. 업종 간 비교나 인수합병 시 많이 활용됩니다."
투자지표,순이익률이 의미하는 바는?,최종적인 수익성,영업활동 효율성,1,응용,"순이익률 = 당기순이익÷매출액×100입니다. 세금, 이자 등 모든 비용을 제한 후 최종 수익성을 보여줍니다. 예: 매출 1000억, 당기순이익 50억이면 순이익률 5%예요. 영업이익률보다 낮은 것이 정상이며, 3% 이상이면 양호합니다."
투자지표,EPS란 무엇의 줄임말인가요?,주당순이익,주당매출액,1,초급,"EPS(Earnings Per Share) = 당기순이익÷발행주식수입니다. 주식 1주당 얼마의 이익을 올렸는지 보여주는 지표예요. 예: 순이익 100억, 발행주식 1억주면 EPS 100원입니다. PER 계산의 기초가 되는 중요한 지표입니다."
투자지표,BPS는 어떻게 계산하나요?,순자산÷발행주식수,매출액÷발행주식수,1,응용,"BPS(Book value Per Share) = 순자산÷발행주식수입니다. 주식 1주당 순자산 가치를 보여줍니다. 예: 순자산 500억, 발행주식 1억주면 BPS 500원이에요. PBR 계산의 기초가 되며, BPS 대비 주가가 낮으면 저평가 가능성을 의미합니다."
투자지표,PEG 비율은 어떻게 계산하나요?,PER÷이익성장률,PBR÷매출성장률,1,고급,"PEG = PER÷연간 이익성장률입니다. 성장률을 고려한 주가 평가 지표예요. 1.0 이하면 성장 대비 저평가, 1.0 초과면 고평가로 봅니다. 성장주 투자 시 매우 유용한 지표입니다."
투자지표,시가총액은 어떻게 계산하나요?,현재주가×발행주식수,순이익×PER,1,초급,"시가총액 = 현재주가×발행주식수입니다. 해당 기업의 총 가치를 의미해요. 예: 주가 70000원, 발행주식 59억주면 시총 약 413조원입니다. 기업 규모를 나타내는 기본 지표입니다."
투자지표,주가매출비율 PSR은 언제 유용한가요?,매출은 있지만 적자인 기업,흑자 전환한 기업,1,응용,"PSR = 시가총액÷매출액입니다. 적자기업은 PER 계산이 불가능하지만 PSR로 평가할 수 있어요. 예: 시총 1조, 매출 5천억이면 PSR 2배입니다. 성장기 기업이나 바이오, 게임주 등에서 많이 활용됩니다."
투자지표,PCR이 의미하는 것은?,주가현금흐름비율,주가수익비율,1,고급,"PCR = 시가총액÷영업현금흐름입니다. 현금 창출 능력 대비 주가 수준을 평가하는 지표예요. 회계 조작이 어려운 현금흐름을 기준으로 하므로 보다 신뢰성 있는 평가가 가능합니다."
투자지표,배당성향이 높다는 것은?,이익 중 배당 비중이 크다,부채가 많다,1,응용,"배당성향 = 배당금÷당기순이익×100입니다. 벌어들인 이익 중 얼마를 주주에게 배당으로 돌려주는지 보여줍니다. 예: 순이익 100억, 배당금 30억이면 배당성향 30%예요. 너무 높으면 성장투자 여력이 부족할 수 있어요."
투자지표,배당수익률은 어떻게 구하나요?,연간배당금÷주가,배당금÷순이익,1,초급,"배당수익률 = (연간배당금÷현재주가)×100입니다. 주가 대비 1년간 받을 수 있는 배당금 비율이에요. 예: 주가 50000원, 연간배당 1000원이면 배당수익률 2%입니다. 배당 투자의 기본 지표입니다."
투자지표,EVA가 양수라는 것은?,경제적 가치를 창출한다,회계상 이익이 많다,1,고급,"EVA(경제적부가가치) = 세후영업이익-(투하자본×자본비용률)입니다. 자본비용을 차감한 후 실제로 창출한 경제적 가치를 측정해요. 양수일 때만 진짜 가치를 창출한다고 봅니다."
투자지표,총자산회전율이 높다는 것은?,자산 활용도가 좋다,부채가 많다,1,응용,"총자산회전율 = 매출액÷평균총자산입니다. 보유 자산으로 얼마나 많은 매출을 올리는지 보여주는 효율성 지표예요. 높을수록 자산을 효율적으로 활용한다는 의미이며, 업종별로 차이가 큽니다."
투자지표,재고자산회전율은 무엇을 측정하나요?,재고 관리 효율성,매출액 증가율,1,고급,"재고자산회전율 = 매출원가÷평균재고자산입니다. 재고를 얼마나 빠르게 판매하는지 보여주는 지표예요. 높을수록 재고 관리가 우수하고 현금 전환이 빠르다는 의미입니다."
투자지표,매출채권회전율이 의미하는 바는?,외상 매출 회수 속도,현금 보유량,1,응용,"매출채권회전율 = 매출액÷평균매출채권입니다. 외상으로 판 상품 대금을 얼마나 빠르게 회수하는지 보여줍니다. 높을수록 현금 회수가 빠르고 운영자금 부담이 적습니다."
투자지표,자기자본회전율은 어떻게 해석하나요?,자본 대비 매출 창출력,이익 대비 자본 효율성,1,고급,"자기자본회전율 = 매출액÷평균자기자본입니다. 주주 자본으로 얼마나 많은 매출을 올리는지 보여주는 지표예요. 높을수록 자본을 적게 투입하고도 많은 매출을 올린다는 의미입니다."
투자지표,매출액증가율이 의미하는 것은?,기업의 성장성,이익의 안정성,1,초급,"매출액증가율 = (당기매출액-전기매출액)÷전기매출액×100입니다. 기업이 얼마나 빠르게 성장하고 있는지 보여주는 핵심 지표예요. 지속적인 두 자릿수 성장률을 보이면 우량 성장주로 평가받습니다."
투자지표,영업이익증가율은 왜 중요한가요?,수익성 개선 여부를 보여준다,단순한 규모 확대와 구분된다,1,응용,"영업이익증가율 = (당기영업이익-전기영업이익)÷전기영업이익×100입니다. 매출 증가가 실제 수익으로 이어지는지 확인할 수 있어요. 매출은 늘었지만 영업이익이 감소하면 마진 악화를 의미합니다."
투자지표,순이익증가율과 영업이익증가율 중 어느 것이 더 중요한가요?,영업이익증가율,순이익증가율,1,고급,"영업이익증가율이 더 중요합니다. 순이익은 일회성 손익의 영향을 받아 변동성이 클 수 있어요. 반면 영업이익은 기업의 본업 경쟁력을 직접적으로 보여줍니다."
투자지표,자기자본증가율은 무엇을 의미하나요?,내재가치의 성장,주가의 상승폭,1,응용,"자기자본증가율 = (당기자기자본-전기자기자본)÷전기자기자본×100입니다. 기업의 내재가치 성장을 보여주는 지표예요. 이익 유보와 자본 확충을 통해 자기자본이 늘어날수록 기업가치가 향상됩니다."
투자지표,주주환원율이 높다는 것은?,배당+자사주매입 비중이 크다,외국인 지분이 많다,1,고급,"주주환원율 = (배당금+자사주매입금액)÷당기순이익×100입니다. 벌어들인 이익 중 얼마를 주주에게 돌려주는지 보여주는 지표예요. 높을수록 주주 친화적이라고 평가받습니다."
투자지표,주가순이익증가율과 실제 순이익증가율이 다를 수 있는 이유는?,주식수 변동 때문이다,회계기준 변경 때문이다,1,응용,"주가순이익증가율 = EPS 증가율이고, EPS = 순이익÷발행주식수입니다. 순이익이 같아도 유상증자나 자사주 소각으로 주식수가 변하면 EPS가 달라져요. 투자자는 EPS 기준으로 수익을 체감합니다."
투자지표,PER 밴드 분석은 어떻게 활용하나요?,과거 PER 범위로 적정주가 추정,현재 PER과 업계 평균 비교,1,고급,"PER 밴드는 해당 주식의 과거 PER 범위를 차트로 나타낸 것입니다. 과거 PER 범위를 바탕으로 현재 EPS에서 적정주가 범위를 추정할 수 있어요. 상단은 매도, 하단은 매수 신호로 활용합니다."
투자지표,시장 PER vs 개별 PER 비교의 의미는?,상대적 저평가 or 고평가 판단,절대적 투자가치 판단,1,응용,"개별 기업 PER을 시장 평균이나 업종 평균과 비교해 상대적 매력도를 평가하는 방법입니다. 시장 평균보다 낮으면 상대적 저평가 가능성이 있어요. 단, 낮은 PER에는 그만한 이유가 있을 수 있으니 주의하세요."
투자지표,기업가치 EV는 어떻게 계산하나요?,시가총액+순부채,시가총액-현금,1,고급,"EV(기업가치) = 시가총액+총부채-현금 및 현금성자산입니다. 기업을 인수할 때 실제로 지불해야 하는 금액을 의미해요. 현금은 인수 후 활용할 수 있어서 차감하고, 부채는 인수자가 떠안아야 해서 더합니다."
투자지표,EV/EBITDA 배수가 유용한 이유는?,자본구조 차이 무시하고 비교,단순 계산이 쉽다,1,응용,"EV/EBITDA = 기업가치÷EBITDA입니다. 부채 비중이나 감가상각 정책이 다른 기업들을 동일한 기준으로 비교할 수 있어요. M&A나 기업 밸류에이션에서 많이 사용되는 지표입니다."
투자지표,PER이 음수가 나올 수 있나요?,적자 기업에서는 계산 불가,항상 양수다,1,초급,"PER = 주가÷EPS인데, 적자 기업은 EPS가 음수라서 PER 계산이 불가능해요. 이런 경우 PSR이나 PBR 등 다른 지표를 사용합니다. 적자 기업 투자 시에는 턴어라운드 가능성을 중점적으로 봐야 합니다."
투자지표,ROE가 100%를 넘을 수 있나요?,높은 부채 활용 시 가능,절대 불가능하다,1,응용,"ROE는 100%를 넘을 수 있습니다. 부채를 많이 활용해 레버리지 효과가 클 때 가능해요. 예: 자기자본 10억, 부채 90억으로 100억 사업해서 순이익 15억을 내면 ROE 150%입니다. 하지만 부채 위험도 함께 고려해야 해요."
투자지표,마진의 안전성을 측정하는 지표는?,이자보상배수,매출총이익률,1,고급,"이자보상배수 = 영업이익÷이자비용으로, 영업이익으로 이자를 몇 배 커버할 수 있는지 보여줍니다. 3배 이상이면 안전, 1.5배 미만이면 위험하다고 봐요. 기업의 재무 안전성을 측정하는 핵심 지표입니다."
투자지표,Working Capital이 음수라는 것은?,단기 자금 압박,장기 투자 증가,1,응용,"Working Capital = 유동자산-유동부채입니다. 음수면 1년 내 갚을 돈이 1년 내 받을 돈보다 많다는 뜻이에요. 현금흐